                            time,                             ala,                           death,                            haem,                            ppix
                        0.000001,                        0.999992,                               0,                               0,                        0.000001
                        0.000002,                  0.999984000064, 0.00000000000009999999999999999,                  0.000000000001,                 0.0000019999909
                        0.000003,              0.9999760001919995,          0.00000000000029999909,  0.0000000000029999908999999997,          0.00000299997270007401
                        0.000004,              0.9999680003839979,  0.0000000000005999963600074011,  0.0000000000059999636000740095,          0.00000399994540029604
        0.0000049999999999999996,              0.9999600006399948,   0.000000000000999990900037005,   0.000000000009999909000370049,         0.000004999909000740097
         0.000005999999999999999,              0.9999520009599897,  0.0000000000014999818001110147,   0.000000000014999818001110146,         0.000005999863501480191
         0.000006999999999999999,               0.999944001343982,  0.0000000000020999681502590337,   0.000000000020999681502590338,         0.000006999808902590329
                        0.000008,              0.9999360017919712,  0.0000000000027999490405180665,   0.000000000027999490405180668,         0.000007999745204144519
                        0.000009,              0.9999280023039568,  0.0000000000035999235609325185,   0.000000000035999235609325185,         0.000008999672406216766
                         0.00001,              0.9999200028799384,  0.0000000000044998908015541954,    0.00000000004499890801554195,         0.000009999590508881075
         0.000011000000000000001,              0.9999120035199154,   0.000000000005499849852442303,   0.000000000054998498524423024,         0.000010999499512211454
         0.000012000000000000002,              0.9999040042238873,   0.000000000006599799803663448,    0.00000000006599799803663448,         0.000011999399416281907
         0.000013000000000000003,              0.9998960049918535,    0.00000000000779973974529164,    0.00000000007799739745291639,         0.000012999290221166437
         0.000014000000000000003,              0.9998880058238135,   0.000000000009099668767408283,    0.00000000009099668767408282,         0.000013999171926939048
         0.000015000000000000004,               0.999880006719767,   0.000000000010499585960102188,    0.00000000010499585960102187,         0.000014999044533673742
         0.000016000000000000003,              0.9998720076797132,   0.000000000011999490413469562,    0.00000000011999490413469561,          0.00001599890804144452
         0.000017000000000000003,              0.9998640087036518,   0.000000000013599381217614015,    0.00000000013599381217614014,         0.000016998762450325388
         0.000018000000000000004,              0.9998560097915822,   0.000000000015299257462646552,    0.00000000015299257462646553,         0.000017998607760390343
         0.000019000000000000004,              0.9998480109435038,   0.000000000017099118238685585,    0.00000000017099118238685587,          0.00001899844397171339
         0.000020000000000000005,              0.9998400121594163,   0.000000000018998962635856924,    0.00000000018998962635856926,         0.000019998271084368526
         0.000021000000000000006,               0.999832013439319,   0.000000000020998789744293775,    0.00000000020998789744293778,          0.00002099808909842975
          0.00002200003336712502,              0.9998240145163194,   0.000000000023098668718723153,    0.00000000023098668718723156,         0.000021997931374720135
          0.00002305007158777644,              0.9998156156888861,   0.000000000025408535590595468,     0.0000000002540853559059547,          0.00002304775939535182
          0.00002415250133614147,              0.9998067978770652,   0.000000000027949389149655013,     0.0000000002794938914965502,         0.000024149957923577997
          0.00002530982795501593,              0.9997975410528979,    0.00000000003074432806462051,     0.0000000003074432806462052,         0.000025307030200164696
          0.00002652468121205359,              0.9997878241945048,   0.000000000033818760871082565,     0.0000000003381876087108257,         0.000026521603680530182
          0.00002779982133097141,              0.9997776252379845,    0.00000000003720063695819082,    0.00000000037200636958190823,         0.000027796436044929195
         0.000029138145312436554,              0.9997669210270086,     0.0000000000409207006540099,    0.00000000040920700654009907,         0.000029134421496216804
         0.000030542693559921876,               0.999755687259994,    0.00000000004501277071941089,    0.00000000045012770719410897,         0.000030538597360268365
          0.00003201665682641996,               0.999743898434726,   0.000000000049514047791351984,     0.0000000004951404779135199,          0.00003201215100471435
         0.000033563383498553304,              0.9997315277903019,   0.000000000054465452570487183,     0.0000000005446545257048719,         0.000033558427092273344
           0.0000351863872353115,              0.9997185472462591,     0.0000000000599119978275359,      0.000000000599119978275359,          0.00003518093518563416
         0.000036889354979386725,              0.9997049273387462,    0.00000000006590319761028949,      0.000000000659031976102895,          0.00003688335772155066
          0.00003867615535986789,              0.9996906371535899,    0.00000000007249351737131844,     0.0000000007249351737131845,          0.00003866955837257105
         0.000040550847505892996,              0.9996756442561024,    0.00000000007974286910845028,     0.0000000007974286910845029,          0.00004054359081562861
         0.000042517690291749827,              0.9996599146174696,     0.0000000000877171560192953,     0.0000000008771715601929532,          0.00004250970792757449
          0.00004458115203485901,              0.9996434125375502,    0.00000000009648887162122484,     0.0000000009648887162122486,          0.00004457237142863581
         0.000046745920669072515,              0.9996261005639113,    0.00000000010613775878334732,     0.0000000010613775878334735,          0.00004673626199573647
         0.000049016914416775955,               0.999607939406916,    0.00000000011675153466168204,     0.0000000011675153466168208,         0.000049006289868623616
         0.000051399292984397994,               0.999588887850669,    0.00000000012842668812785024,     0.0000000012842668812785029,         0.000051387605972803357
          0.00005389846930710544,              0.9995689026596214,    0.00000000014126935694063527,     0.0000000014126935694063531,         0.000053885613584404283
         0.000056520121869701885,              0.9995479384806202,     0.0000000001553962926346988,     0.0000000015539629263469883,          0.00005650598056326096
          0.00005927020763205275,               0.999525947740185,    0.00000000017093592189816868,     0.0000000017093592189816871,          0.00005925465218174178
          0.00006215497558873378,              0.9995028805367777,    0.00000000018802951408798556,      0.000000001880295140879856,          0.00006213786457813981
          0.00006518098099404561,              0.9994786845278247,    0.00000000020683246549678412,     0.0000000020683246549678416,          0.00006516215886480335
          0.00006835510028505796,              0.9994533048112366,    0.00000000022751571204646254,     0.0000000022751571204646255,          0.00006833439592260672
          0.00007168454673694639,              0.9994266838011604,     0.0000000002502672832511088,      0.000000002502672832511088,          0.00007166177191485542
          0.00007517688688656567,              0.9993987610976849,    0.00000000027529401157621966,      0.000000002752940115762197,          0.00007515183455528348
          0.00007884005776197134,              0.9993694733502083,    0.00000000030282341273384163,     0.0000000030282341273384165,          0.00007881250016644029
           0.0000826823849574584,               0.999338754114162,     0.0000000003331057540072258,      0.000000003331057540072258,          0.00008265207156647937
          0.00008671260159563787,              0.9993065337007699,    0.00000000036641632940794837,      0.000000003664163294079484,           0.0000866792568241584
          0.00009093986822012309,              0.9992727390195096,     0.0000000004030579623487432,      0.000000004030579623487433,          0.00009090318892373934
          0.00009537379366455252,              0.9992372934129219,    0.00000000044336375858361756,      0.000000004433637585836176,          0.00009533344638344405
          0.00010002445694594013,              0.9992001164834029,     0.0000000004877001344419794,      0.000000004877001344419794,          0.00009998007487317822
          0.00010490243023272364,              0.9991611239115921,     0.0000000005364701478861773,      0.000000005364701478861774,          0.00010485360987938736
          0.00011001880294038031,              0.9991202272659526,     0.0000000005901171626747951,      0.000000005901171626747951,          0.00010996510046715751
          0.00011538520701010642,              0.9990773338031227,     0.0000000006491288789422746,      0.000000006491288789422746,          0.00011532613419202426
          0.00012101384342881651,              0.9990323462585935,     0.0000000007140417668365021,      0.000000007140417668365021,          0.00012094886321640945
            0.000126917510051618,              0.9989851626272519,     0.0000000007854459435201523,      0.000000007854459435201523,          0.00012684603168817187
          0.00013310963079096467,              0.9989356759333015,     0.0000000008639905378721676,      0.000000008639905378721675,           0.0001330310044414378
          0.00013960428623989432,              0.9988837739890548,     0.0000000009503895916593844,      0.000000009503895916593842,          0.00013951779708267658
            0.000146416245800123,              0.9988293391420645,      0.000000001045428550825323,      0.000000010454285508253227,           0.0001463211075279078
          0.00015356100138930501,              0.9987722480100367,     0.0000000011499714059078552,       0.00000001149971405907855,          0.00015345634905997616
          0.00016105480280548758,              0.9987123712029441,     0.0000000012649685464986406,      0.000000012649685464986406,           0.0001609396849780111
          0.00016891469483069858,               0.998649573031729,     0.0000000013914654011485046,      0.000000013914654011485047,          0.00016878806491450754
          0.00017715855615971668,              0.9985837112029581,     0.0000000015306119412633551,      0.000000015306119412633553,          0.00017701926289892298
          0.00018580514024439524,               0.998514636498762,     0.0000000016836731353896906,      0.000000016836731353896907,          0.00018565191725029433
          0.00019487411814845737,              0.9984421924413597,     0.0000000018520404489286597,        0.0000000185204044892866,          0.00019470557238513532
          0.00020438612351246027,              0.9983662149414385,      0.000000002037244493821526,      0.000000020372444938215258,          0.00020420072263079052
           0.0002143627997336557,              0.9982865319296254,     0.0000000022409689432036786,      0.000000022409689432036785,          0.00021415885813849843
           0.0002248268494707645,              0.9982029629702494,     0.0000000024650658375240463,      0.000000024650658375240463,          0.00022460251299465838
          0.00023580208658924978,              0.9981153188565616,      0.000000002711572421276451,       0.00000002711572421276451,          0.00023555531563321016
          0.00024731349066853074,               0.998023401186537,      0.000000002982729663404096,       0.00000002982729663404096,          0.00024704204165662503
            0.000259387264198746,              0.9979270019183467,      0.000000003281002629744506,       0.00000003281002629744506,           0.0002590886691777767
          0.00027205089260116456,              0.9978259029045464,     0.0000000036091028927189565,      0.000000036091028927189565,           0.0002717224367999175
           0.0002853332072131762,              0.9977198754039833,      0.000000003970013181990852,       0.00000003970013181990852,          0.00028497190435712827
           0.0002992644513859899,              0.9976086795703808,      0.000000004367014500189937,      0.000000043670145001899375,           0.0002988670165429502
           0.0003138763498507452,              0.9974920639165132,      0.000000004803715950208931,       0.00000004803715950208931,          0.00031343916956044104
           0.0003292021815167285,              0.9973697647528353,      0.000000005284087545229824,       0.00000005284087545229824,           0.0003287212809326346
           0.0003452768558737949,              0.9972415055993794,     0.0000000058124962997528066,      0.000000058124962997528064,          0.00034474786261832054
          0.00036213699317996285,              0.9971069965696849,      0.000000006393745929728087,       0.00000006393745929728087,          0.00036155509758420596
          0.00037982100862449404,              0.9969659337254674,      0.000000007033120522700896,       0.00000007033120522700896,           0.0003791809199908717
          0.00039836920066662056,              0.9968179984006817,      0.000000007736432574970987,       0.00000007736432574970986,          0.00039766509915649466
          0.00041782384376047284,              0.9966628564935744,      0.000000008510075832468086,       0.00000008510075832468084,           0.0004170493274690757
           0.0004382292856877209,              0.9965001577252607,      0.000000009361083415714893,       0.00000009361083415714892,          0.00043737731242488476
           0.0004596320497310035,              0.9963295348633016,      0.000000010297191757286383,       0.00000010297191757286381,           0.0004586948729780151
           0.0004820809419334239,              0.9961506029086917,       0.00000001132691093301502,        0.0000001132691093301502,          0.00048105004039331604
           0.0005056271637022733,              0.9959629582446017,      0.000000012459602026316522,        0.0000001245960202631652,           0.0005044931638025509
           0.0005303244300287462,              0.9957661777451531,      0.000000013705562228948175,       0.00000013705562228948173,           0.0005290770206713907
           0.0005562290936097803,              0.9955598178424342,      0.000000015076118451842992,        0.0000001507611845184299,           0.0005548569323927992
           0.0005834002751733372,              0.9953434135498903,       0.00000001658373029702729,       0.00000016583730297027287,           0.0005818908852304807
           0.0006119000003244858,              0.9951164774401529,       0.00000001824210332673002,       0.00000018242103326730015,           0.0006102396568443319
           0.0006417933432466149,              0.9948784985752922,      0.000000020066313659403023,       0.00000020066313659403015,           0.0006399669486382522
           0.0006731485776100472,              0.9946289413874044,      0.000000022072945025343326,       0.00000022072945025343317,           0.0006711395241791948
           0.0007060373350593102,               0.994367244507362,       0.00000002428023952787766,       0.00000024280239527877647,           0.0007038273539449745
            0.000740534771670414,              0.9940928195394776,      0.000000026708263480665424,        0.0000002670826348066541,           0.0007381037666670445
           0.0007767197427907597,              0.9938050497797497,      0.000000029379089828731963,        0.0000002937908982873195,           0.0007740456075431948
           0.0008146749866968398,              0.9935032888752738,      0.000000032316998811605156,       0.00000032316998811605147,           0.0008117334036038677
           0.0008544873175287691,              0.9931868594223193,       0.00000003554869869276567,        0.0000003554869869276566,           0.0008512515365244871
           0.0008962478279860011,              0.9928550515004881,       0.00000003910356856204223,       0.00000039103568562042226,           0.0008926884231848163
           0.0009400521022954333,              0.9925071211402847,      0.000000043013925418246456,        0.0000004301392541824645,           0.0009361367042848309
             0.00098600043999159,              0.9921422887213408,      0.000000047315317960071104,       0.00000047315317960071096,           0.0009816934413348648
            0.001034198091078811,              0.9917597372984555,      0.000000052046849756078216,        0.0000005204684975607821,           0.0010294603223457769
           0.0010847555031774938,              0.9913586108525236,       0.00000005725153473168604,        0.0000005725153473168603,           0.0010795438765525244
           0.0011377885812905541,              0.9909380124633445,       0.00000006297668820485464,        0.0000006297668820485463,           0.0011320556985117164
            0.001193418960862556,              0.9904970024012192,        0.0000000692743570253401,        0.0000006927435702534009,           0.0011871126819203521
            0.001251774294842543,              0.9900345961341688,       0.00000007620179272787411,        0.0000007620179272787411,           0.0012448372635089234
           0.0013129885555026696,              0.9895497622475263,       0.00000008382197200066152,        0.0000008382197200066152,           0.0013053576773672231
           0.0013772023518084623,               0.989041420272587,       0.00000009220416920072767,        0.0000009220416920072767,           0.0013688082200654307
            0.001444563263183118,              0.9885084384209323,       0.00000010142458612080044,        0.0000010142458612080044,           0.0014353295269361552
           0.0015152261905579214,              0.9879496312209841,       0.00000011156704473288048,        0.0000011156704473288049,            0.001505068859884941
           0.0015893537256538302,              0.9873637570532935,       0.00000012272374920616853,        0.0000012272374920616853,           0.0015781804070970585
           0.0016671165394958228,               0.986749515581021,       0.00000013499612412678537,         0.000001349961241267854,           0.0016548255950069974
            0.001748693791221987,              0.9861055450720352,        0.0000001484957365394639,        0.0000014849573653946394,           0.0017351734128936815
           0.0018342735583138671,               0.985430419609033,        0.0000001633453101934103,        0.0000016334531019341034,           0.0018194007504587642
           0.0019240532894435934,              0.9847226461840766,       0.00000017967984121275134,        0.0000017967984121275137,            0.001907692748737104
            0.002018240281207178,              0.9839806616739522,       0.00000019764782533402646,         0.000001976478253340265,           0.0020002431646773244
            0.002117052180092437,              0.9832028296927812,        0.0000002174126078674291,         0.000002174126078674291,            0.002097254749715834
            0.002220717511114759,              0.9823874373183636,         0.000000239153868654172,          0.00000239153868654172,           0.0021989396426493656
             0.00232947623464481,               0.981532691688806,        0.0000002630692555195892,        0.0000026306925551958923,           0.0023055197770885496
           0.0024435803330498116,              0.9806367164660845,       0.00000028937618107154816,        0.0000028937618107154814,            0.002417227303747664
           0.0025632944288747675,              0.9796975481633285,         0.000000318313799178703,        0.0000031831379917870295,           0.0025343050277929764
           0.0026888964364026103,              0.9787131323327732,       0.00000035014517909657333,        0.0000035014517909657324,            0.002657006861433299
            0.002820678248553329,               0.977681319611537,       0.00000038515969700623067,        0.0000038515969700623055,           0.0027855982918908117
           0.0029589464612125175,              0.9765998616226333,       0.00000042367566670685375,         0.000004236756667068536,           0.0029203568648370685
           0.0031040231372202257,              0.9754664067289229,       0.00000046604323337753914,          0.00000466043233377539,           0.0030615726833174905
           0.0032562466124024443,              0.9742784956380767,        0.0000005126475567152931,         0.000005126475567152929,           0.0032095489221165637
           0.0034159723461909867,              0.9730335568570352,        0.0000005639123123868224,         0.000005639123123868222,           0.0033646023574343655
           0.0035835738195540458,              0.9717289019949477,        0.0000006203035436255046,         0.000006203035436255045,           0.0035270639116516773
            0.003759443483150537,               0.970361720914141,         0.000000682333897988055,          0.00000682333897988055,            0.003697279212854528
            0.003943993758827783,              0.9689290767293302,        0.0000007505672877868605,         0.000007505672877868605,            0.003875609168668093
              0.0041376580978057,                0.96742790065604,        0.0000008256240165655465,         0.000008256240165655465,           0.0040624305538127965
            0.004340892099132973,              0.9658549867100722,        0.0000009081864182221012,         0.000009081864182221012,            0.004258136610640545
            0.004554174692263654,              0.9642069862608424,        0.0000009990050600443113,         0.000009990050600443114,            0.004463137661734224
            0.004778009387888107,              0.9624804024425331,        0.0000010989055660487423,         0.000010989055660487425,           0.0046778617334568414
            0.005012925601462609,              0.9606715844282814,        0.0000012087961226536167,         0.000012087961226536167,            0.004902755189115652
            0.005259480054219541,              0.9587767215740586,        0.0000013296757349189782,         0.000013296757349189783,            0.005138283370158582
            0.005518258256807839,              0.9567918374405191,         0.000001462643308410876,         0.000014626433084108762,            0.005384931243542607
             0.00578987608111429,               0.954712783702921,        0.0000016089076392519635,         0.000016089076392519638,            0.005643204053103121
            0.006074981426253679,              0.9525352339612682,          0.00000176979840317716,           0.0000176979840317716,            0.005913627972406551
            0.006374255985193669,              0.9502546774651197,         0.000001946778243494876,          0.00001946778243494876,            0.006196750756181616
            0.006688417119002844,              0.9478664127700804,        0.0000021414560678443637,         0.000021414560678443637,            0.006493142386993685
            0.007018219846282302,               0.945365541345855,           0.0000023556016746288,            0.000023556016746288,           0.0068033957133472244
            0.007364458955967995,              0.9427469611589501,          0.00000259116184209168,           0.0000259116184209168,           0.0071281270748682546
            0.007727971252378559,              0.9400053602566703,         0.000002850278026300848,          0.00002850278026300848,            0.007467976909626925
            0.008109637942138483,              0.9371352103830243,         0.000003135305828930933,          0.00003135305828930933,            0.007823610338003741
            0.008510387173436591,              0.9341307606615572,        0.0000034488364118240262,         0.000034488364118240265,            0.008195717716775306
            0.008931196738993591,              0.9309860313850178,         0.000003793720053006429,         0.000037937200530064294,            0.008585015156289719
            0.009373096955119243,              0.9276948079571857,         0.000004173092058307072,          0.00004173092058307072,            0.008992244992710414
            0.009837173730350568,              0.9242506350381808,         0.000004590401264137779,          0.00004590401264137779,            0.009418176206321889
            0.010324571838389415,              0.9206468109512104,         0.000005049441390551556,          0.00005049441390551557,             0.00986360477580265
            0.010836498411414605,              0.9168763824160358,         0.000005554385529606712,         0.000055543855296067125,            0.010329353957169867
            0.011374226671346223,               0.912932139682524,         0.000006109824082567384,          0.00006109824082567383,            0.010816274474776271
            0.011939099918305293,              0.9088066121465579,         0.000006720806490824122,          0.00006720806490824121,            0.011325244610281206
            0.012532535797361088,              0.9044920645403906,        0.0000073928871399065345,          0.00007392887139906533,             0.01185717017391221
            0.013156030866713481,              0.8999804938003162,         0.000008132175853897189,          0.00008132175853897187,            0.012412984340567614
            0.013811165492745348,              0.8952636267263814,         0.000008945393439286907,          0.00008945393439286907,            0.012993647331370173
            0.014499609099929476,              0.8903329185618674,         0.000009839932783215597,          0.00009839932783215597,            0.013600145919151213
            0.015223125806420056,              0.8851795526345231,         0.000010823926061537158,          0.00010823926061537157,            0.014233492734007704
            0.015983580479339222,              0.8797944412171357,         0.000011906318667690874,          0.00011906318667690874,            0.014894725342513434
            0.016782945247329078,              0.8741682277820773,         0.000013096950534459961,          0.00013096950534459962,            0.015584905071361274
             0.01762330651193035,              0.8682912908430916,         0.000014406645587905958,          0.00014406645587905959,            0.016305115543146568
             0.01850687250382922,              0.8621537495978843,         0.000015847310146696553,          0.00015847310146696554,            0.017056460888650798
            0.019435981435051944,              0.8557454716071758,         0.000017432041161366208,           0.0001743204116136621,            0.017840063596327987
             0.02041311030386126,              0.8490560827698941,          0.00001917524527750283,           0.0001917524527750283,            0.018657061955710697
            0.021440884415509828,               0.842074979880225,         0.000021092769805253112,          0.00021092769805253114,            0.019508607047114084
             0.02252208768923989,              0.8347913460804436,         0.000023202046785778423,          0.00023202046785778424,             0.02039585922530098
            0.023659673830106972,              0.8271941695539085,         0.000025522251464356266,           0.0002552225146435627,            0.021319984039653513
            0.024856778453491626,              0.8192722658354299,         0.000028074476610791892,          0.00028074476610791895,            0.022282147527852535
             0.02611673226071326,              0.8110143041515063,          0.00003088192427187108,          0.00030881924271871085,            0.023283510814071106
             0.02744307537616851,              0.8024088382407297,          0.00003397011669905819,          0.00033970116699058193,             0.02432522393621913
            0.028839572970111655,              0.7934443421450346,          0.00003736712836896401,          0.00037367128368964015,            0.025408418819812057
            0.030310232306844063,              0.7841092515054098,          0.00004110384120586041,          0.00041103841205860416,            0.026534201308559293
             0.03185932137599955,               0.774392010941164,          0.00004521422532644645,          0.00045214225326446457,             0.02770364215376357
             0.03349138928517531,              0.7642811281397308,          0.00004973564785909109,           0.0004973564785909111,             0.02891776685608364
            0.035211288615805254,              0.7537652353341259,           0.0000547092126450002,           0.0005470921264500022,             0.03017754424413926
            0.037024199971427744,              0.7428331588972403,         0.000060180133909500225,           0.0006018013390950024,            0.031483873664840456
             0.03893565897898647,              0.7314739978357409,          0.00006619814730045024,           0.0006619814730045026,             0.03283757065022744
            0.040951586040265345,              0.7196772120208695,          0.00007281796203049527,           0.0007281796203049528,             0.03423935091505585
            0.043078319172886605,              0.7074327210480913,          0.00008009975823354479,           0.0008009975823354481,             0.03568981252841959
             0.04532265032956505,               0.694731014671275,          0.00008810973405689927,           0.0008810973405689929,             0.03718941609146473
             0.04769186564179796,              0.6815632758085366,           0.0000969207074625892,           0.0009692070746258922,             0.03873846274184443
             0.05019379010143579,              0.6679215171642465,          0.00010661277820884813,           0.0010661277820884815,             0.04033706979417184
              0.0528368372725085,              0.6537987325527301,          0.00011727405602973294,           0.0011727405602973296,             0.04198514381458166
              0.0556300647185701,              0.6391890640409975,          0.00012900146163270624,           0.0012900146163270624,             0.04368235091691553
            0.058583235940468596,              0.6240879860467726,          0.00014190160779597687,           0.0014190160779597688,             0.04542808405839766
            0.061706889749279084,              0.6084925075295897,          0.00015609176857557457,           0.0015609176857557456,             0.04722142710446996
             0.06501241815337086,               0.592401393391061,            0.000171700945433132,           0.0017170094543313202,            0.049061115426352914
             0.06851215402241928,              0.5758154061484614,           0.0001888710399764452,           0.0018887103997644523,             0.05094549279170143
             0.07221947001107158,              0.5587375688546493,          0.00020775814397408973,           0.0020775814397408976,            0.052872464309453845
             0.07614889048896184,              0.5411734500960567,           0.0002285339583714987,           0.0022853395837149873,            0.054839445195906424
             0.08031621854188237,               0.523131471695408,           0.0002513873542086486,            0.002513873542086486,            0.056843305141778856
             0.08473868049376283,              0.5046232394601745,           0.0002765260896295134,           0.0027652608962951348,             0.05888030808155352
             0.08943509086659078,              0.4856638969308081,          0.00030417869859246475,           0.0030417869859246482,             0.06094604719913186
             0.09442604126569717,             0.46627250156906097,           0.0003345965684517112,            0.003345965684517113,             0.06303537505089854
             0.09973411737663548,             0.44647242215493155,          0.00036805622529688235,           0.0036805622529688243,             0.06514232875236783
             0.10538414912014303,             0.42629175529272306,          0.00040486184782657057,            0.004048618478265707,             0.06726005026231732
             0.11140350007583799,               0.405763757815714,          0.00044534803260922763,            0.004453480326092277,             0.06938070191433422
             0.11782240360839533,             0.38492729046829777,           0.0004898828358701504,            0.004898828358701505,              0.0714953774968911
             0.12467435478372065,             0.36382726646558544,           0.0005388711194571654,            0.005388711194571656,             0.07359400937777298
             0.13199656924130007,             0.34251509630097815,            0.000592758231402882,            0.005927582314028821,             0.07566527241694601
               0.139830522816945,              0.3210491173939428,           0.0006520340545431701,            0.006520340545431703,             0.07769648572578225
             0.14822258905330507,             0.29949499372758354,           0.0007172374599974872,            0.007172374599974872,             0.07967351372407967
               0.157224796016103,             0.27792606638472295,           0.0007889612059972359,             0.00788961205997236,             0.08158066843594002
              0.1668957293526784,              0.2564236307006967,           0.0008678573265969595,            0.008678573265969595,             0.08340061556984633
             0.17730161569616884,             0.23507710944584376,           0.0009546430592566555,            0.009546430592566555,             0.08511428766744629
             0.18851762989799806,              0.2139840838612874,            0.001050107365182321,             0.01050107365182321,             0.08670080850033351
             0.20062948194812377,             0.19325013534281055,            0.001155118101700553,            0.011551181017005531,             0.08813743396344256
             0.21312948194812378,             0.17392512180852948,           0.0012652898941548562,            0.012652898941548564,             0.08934117093823037
              0.2256294819481238,             0.15653260962767654,           0.0013769663578276441,            0.013769663578276444,             0.09028679386043632
              0.2381294819481238,              0.1408793486649089,           0.0014898248501531894,            0.014898248501531899,             0.09100200806520128
              0.2506294819481238,             0.12679141379841802,           0.0016035773602346912,            0.016035773602346915,             0.09151172231261613
              0.2631294819481238,             0.11411227241857622,           0.0017179670131254614,            0.017179670131254616,             0.09183832880329788
              0.2756294819481238,             0.10270104517671859,           0.0018327649241295838,             0.01832764924129584,             0.09200195518748475
              0.2881294819481238,             0.09243094065904672,           0.0019477673681139397,              0.0194776736811394,             0.09202069136836581
             0.30062948194812383,             0.08318784659314205,            0.002062793232324397,             0.02062793232324397,             0.09191079362028887
             0.31312948194812384,             0.07486906193382784,            0.002177681724349758,            0.021776817243497584,             0.09168686829042418
             0.32562948194812386,             0.06738215574044505,            0.002292290309712788,            0.022922903097127887,             0.09136203712560369
             0.33812948194812387,            0.060643940166400546,           0.0024064928561197928,            0.024064928561197935,              0.0909480860618822
              0.3506294819481239,             0.05457954614976049,           0.0025201779636971457,            0.025201779636971462,             0.09045559913061132
              0.3631294819481239,             0.04912159153478444,             0.00263324746261041,            0.026332474626104104,             0.08989407896943742
              0.3756294819481239,            0.044209432381305994,           0.0027456150613222067,            0.027456150613222072,             0.08927205527779246
              0.3881294819481239,             0.03978848914317539,            0.002857205130419447,             0.02857205130419448,             0.08859718242248914
              0.4006294819481239,             0.03580964022885785,           0.0029679516084475588,            0.029679516084475593,              0.0878763272784696
             0.41312948194812393,             0.03222867620597207,           0.0030777970175456457,            0.030777970175456464,             0.08711564828125136
             0.42562948194812394,            0.029005808585374864,             0.00318669157789721,            0.031866915778972105,              0.0863206665699588
             0.43812948194812396,            0.026105227726837377,           0.0032945924111096583,             0.03294592411109659,             0.08549633001193906
             0.45062948194812397,             0.02349470495415364,           0.0034014628236245822,             0.03401462823624583,             0.08464707082086036
               0.463129481948124,            0.021145234458738275,            0.003507271662150658,             0.03507271662150658,             0.08377685740900044
               0.475629481948124,            0.019030711012864448,           0.0036119927339119083,             0.03611992733911908,             0.08288924105036091
               0.488129481948124,            0.017127639911578004,           0.0037156042852248593,             0.03715604285224859,             0.08198739787357925
               0.500629481948124,            0.015414875920420203,           0.0038180885325668334,             0.03818088532566833,             0.08107416665171227
              0.5131294819481239,            0.013873388328378183,            0.003919431240881474,            0.039194312408814734,             0.08015208280925648
              0.5256294819481239,            0.012486049495540365,            0.004019621344393045,             0.04019621344393044,             0.07922340902473393
              0.5381294819481238,            0.011237444545986328,            0.004118650605673962,             0.04118650605673962,             0.07829016276933809
              0.5506294819481238,            0.010113700091387696,           0.0042165133091356345,             0.04216513309135635,             0.07735414108808453
              0.5631294819481237,            0.009102330082248927,             0.00431320598549574,            0.043132059854957404,              0.0764169428992657
              0.5756294819481237,            0.008192097074024034,            0.004408727164119822,            0.044087271641198224,             0.07547998906042891
              0.5881294819481236,           0.0073728873666216305,            0.004503077150445359,             0.04503077150445359,             0.07454454042427332
              0.6006294819481236,            0.006635598629959468,           0.0045962578259757005,            0.045962578259757005,             0.07361171408552233
              0.6131294819481236,            0.005972038766963521,           0.0046882724685826035,            0.046882724685826035,              0.0726824979997209
              0.6256294819481235,            0.005374834890267169,            0.004779125591082255,             0.04779125591082255,             0.07175776413681179
              0.6381294819481235,           0.0048373514012404525,            0.004868822796253269,             0.04868822796253269,             0.07083828031605896
              0.6506294819481234,            0.004353616261116407,           0.0049573706466483425,             0.04957370646648343,             0.06992472085422866
              0.6631294819481234,            0.003918254635004767,           0.0050447765477161285,             0.05044776547716129,             0.06901767614574697
              0.6756294819481233,             0.00352642917150429,            0.005131048642898312,             0.05131048642898312,             0.06811766128168051
              0.6881294819481233,            0.003173786254353861,            0.005216195719500412,            0.052161957195004126,              0.0672251238037012
              0.7006294819481232,           0.0028564076289184746,            0.005300227124255039,             0.05300227124255039,             0.06634045067957973
              0.7131294819481232,            0.002570766866026627,            0.005383152687604514,             0.05383152687604514,               0.065463974578097
              0.7256294819481232,           0.0023136901794239646,            0.005464982655827135,             0.05464982655827135,              0.0645959795134735
              0.7381294819481231,            0.002082321161481568,            0.005545727630218977,             0.05545727630218977,             0.06373670592240603
              0.7506294819481231,            0.001874089045333411,            0.005625398512621985,            0.056253985126219846,             0.06288635523049146
               0.763129481948123,             0.00168668014080007,              0.0057040064566601,             0.05704006456660099,            0.062045093959138875
               0.775629481948123,            0.001518012126720063,            0.005781562824109023,            0.057815628241090225,            0.061213057418960715
              0.7881294819481229,           0.0013662109140480567,            0.005858079145882724,             0.05858079145882723,               0.060390353031034
              0.8006294819481229,            0.001229589822643251,            0.005933567087171516,             0.05933567087171516,            0.059577063313282885
              0.8131294819481228,            0.001106630840378926,             0.00600803841631312,              0.0600803841631312,            0.058773248565508286
              0.8256294819481228,           0.0009959677563410334,            0.006081504977020005,             0.06081504977020005,             0.05797894928323728
              0.8381294819481228,             0.00089637098070693,           0.0061539786636240525,             0.06153978663624052,             0.05719418832754703
              0.8506294819481227,            0.000806733882636237,            0.006225471399033487,             0.06225471399033486,             0.05641897287530209
              0.8631294819481227,           0.0007260604943726133,           0.0062959951151276144,             0.06295995115127613,             0.05565329617179964
              0.8756294819481226,           0.0006534544449353519,            0.006365561735342364,             0.06365561735342362,            0.054897139105617054
              0.8881294819481226,           0.0005881090004418168,            0.006434183159224385,             0.06434183159224384,             0.05415047162347651
              0.9006294819481225,           0.0005292981003976351,           0.0065018712487537305,              0.0650187124875373,             0.05341325400115923
              0.9131294819481225,          0.00047636829035787155,            0.006568637816255179,             0.06568637816255178,             0.05268543798489826
              0.9256294819481224,           0.0004287314613220844,           0.0066344946137363026,             0.06634494613736301,             0.05196696781623538
              0.9381294819481224,           0.0003858583151898759,            0.006699453323506597,             0.06699453323506595,             0.05125778115202867
              0.9506294819481224,           0.0003472724836708883,            0.006763525549946633,              0.0676352554994663,             0.05055780989012815
              0.9631294819481223,          0.00031254523530379946,            0.006826722812309293,             0.06826722812309291,             0.04986698091018477
              0.9756294819481223,           0.0002812907117734195,            0.006889056538447024,             0.06889056538447022,             0.04918521673811103
              0.9881294819481222,          0.00025316164059607755,            0.006950538059369663,             0.06950538059369661,             0.04851243614185917
              1.0006294819481223,           0.0002278454765364698,            0.007011178604546987,             0.07011178604546985,             0.04784855466541606
              1.0131294819481222,           0.0002050609288828228,            0.007070989297878757,             0.07070989297878755,             0.04719348510722329
              1.0256294819481222,          0.00018455483599454054,            0.007129981154262786,             0.07129981154262784,            0.046547137948610005
              1.0381294819481222,          0.00016609935239508648,            0.007188165076698548,             0.07188165076698547,             0.04590942173726655
              1.0506294819481221,          0.00014948941715557784,            0.007245551853870132,              0.0724555185387013,             0.04528024343028408
               1.063129481948122,          0.00013454047544002006,            0.007302152158157987,             0.07302152158157986,            0.044659508700832115
               1.075629481948122,          0.00012108642789601806,            0.007357976544034027,             0.07357976544034026,            0.044047122212138676
               1.088129481948122,          0.00010897778510641625,              0.0074130354467992,             0.07413035446799199,            0.043442987862070466
               1.100629481948122,          0.00009808000659577462,            0.007467339181626788,             0.07467339181626786,             0.04284700900128083
               1.113129481948122,          0.00008827200593619716,            0.007520897942878389,             0.07520897942878388,             0.04225908862759566
              1.1256294819481218,          0.00007944480534257744,            0.007573721803662884,             0.07573721803662882,             0.04167912955904043
              1.1381294819481218,          0.00007150032480831969,            0.007625820715611685,             0.07625820715611682,            0.041107034587670406
              1.1506294819481218,          0.00006435029232748772,            0.007677204508846272,              0.0767720450884627,            0.040542706616150045
              1.1631294819481217,         0.000057915263094738944,             0.00772788289211646,             0.07727882892116458,             0.03998604877883208
              1.1756294819481217,          0.00005212373678526505,                0.00777786545309,             0.07777865453089998,            0.039436964548911824
              1.1881294819481216,          0.00004691136310673854,            0.007827161658776139,             0.07827161658776138,              0.0388953578330741
              1.2006294819481216,          0.00004222022679606469,            0.007875780856067481,             0.07875780856067481,             0.03836113305490817
              1.2131294819481215,          0.00003799820411645822,            0.007923732272386116,             0.07923732272386116,             0.03783419522823813
              1.2256294819481215,         0.000034198383704812396,            0.007971025016421414,             0.07971025016421414,             0.03731445002140131
              1.2381294819481214,         0.000030778545334331155,            0.008017668078948166,             0.08017668078948166,             0.03680180381340335
              1.2506294819481214,          0.00002770069080089804,             0.00806367033371492,              0.0806367033371492,            0.036296163742785735
              1.2631294819481214,         0.000024930621720808235,            0.008109040538393402,             0.08109040538393403,            0.035797437749957445
              1.2756294819481213,         0.000022437559548727413,            0.008153787335580849,             0.08153787335580849,             0.03530553461366704
              1.2881294819481213,         0.000020193803593854672,            0.008197919253847932,             0.08197919253847932,            0.034820363982223476
              1.3006294819481212,         0.000018174423234469206,             0.00824144470882571,             0.08241444708825711,             0.03434183640001283
              1.3131294819481212,         0.000016356980911022286,            0.008284372004325727,             0.08284372004325727,             0.03386986332980308
              1.3256294819481211,         0.000014721282819920058,            0.008326709333487982,              0.0832670933348798,            0.033404357171279674
               1.338129481948121,         0.000013249154537928052,            0.008368464779952081,              0.0836846477995208,            0.032945231276209824
               1.350629481948121,         0.000011924239084135247,            0.008409646319047344,             0.08409646319047342,            0.032492399960593665
               1.363129481948121,         0.000010731815175721722,            0.008450261818998085,             0.08450261818998085,             0.03204577851412405
               1.375629481948121,          0.00000965863365814955,             0.00849031904214074,              0.0849031904214074,            0.031605283207244546
               1.388129481948121,         0.000008692770292334594,            0.008529825646149796,             0.08529825646149795,             0.03117083129606566
              1.4006294819481209,         0.000007823493263101135,            0.008568789185269878,             0.08568789185269877,             0.03074234102537341
              1.4131294819481208,        0.0000070411439367910216,            0.008607217111551595,             0.08607217111551595,            0.030319731629940314
              1.4256294819481208,         0.000006337029543111919,             0.00864511677608902,             0.08645116776089021,            0.029902923334327845
              1.4381294819481207,         0.000005703326588800727,            0.008682495430256931,              0.0868249543025693,            0.029491837351350126
              1.4506294819481207,         0.000005132993929920655,            0.008719360226946119,             0.08719360226946117,            0.029086395879351423
              1.4631294819481206,         0.000004619694536928589,            0.008755718221795309,             0.08755718221795307,            0.028686522098434464
              1.4756294819481206,         0.000004157725083235731,            0.008791576374418351,              0.0879157637441835,            0.028292140165762703
              1.4881294819481206,        0.0000037419525749121575,            0.008826941549625555,             0.08826941549625554,            0.027903175210047006
              1.5006294819481205,        0.0000033677573174209417,            0.008861820518638113,             0.08861820518638112,            0.027519553325316047
              1.5131294819481205,        0.0000030309815856788477,            0.008896219960294757,             0.08896219960294757,             0.02714120156405942
              1.5256294819481204,         0.000002727883427110963,            0.008930146462249832,             0.08930146462249831,            0.026768047929823426
              1.5381294819481204,        0.0000024550950843998664,            0.008963606522162111,             0.08963606522162111,            0.026400021369331193
              1.5506294819481203,        0.0000022095855759598796,            0.008996606548873775,             0.08996606548873776,            0.026037051764191445
              1.5631294819481203,        0.0000019886270183638916,            0.009029152863579014,             0.09029152863579015,            0.025679069922253512
              1.5756294819481202,        0.0000017897643165275024,            0.009061251700981831,             0.09061251700981832,            0.025326007568660255
              1.5881294819481202,         0.000001610787884874752,            0.009092909210442656,             0.09092909210442657,            0.024977797336645135
              1.6006294819481202,        0.0000014497090963872768,            0.009124131457113462,             0.09124131457113463,            0.024634372758114826
              1.6131294819481201,         0.000001304738186748549,            0.009154924423061105,             0.09154924423061106,             0.02429566825405445
                1.62562948194812,        0.0000011742643680736942,            0.009185294008378673,             0.09185294008378674,            0.023961619124788537
                1.63812948194812,        0.0000010568379312663248,             0.00921524603228466,             0.09215246032284659,            0.023632161540127296
                1.65062948194812,        0.0000009511541381396923,            0.009244786234209818,             0.09244786234209817,            0.023307232529424685
                1.66312948194812,        0.0000008560387243257231,              0.0092739202748716,             0.09273920274871598,            0.022986769971571824
                1.67562948194812,        0.0000007704348518931508,            0.009302653737336065,             0.09302653737336063,            0.022670712584946764
              1.6881294819481198,        0.0000006933913667038357,            0.009330992128067248,             0.09330992128067246,            0.022358999917339393
              1.7006294819481198,        0.0000006240522300334521,            0.009358940877963922,              0.0935894087796392,             0.02205157233586806
              1.7131294819481198,        0.0000005616470070301069,            0.009386505343383757,             0.09386505343383755,             0.02174837101690275
              1.7256294819481197,        0.0000005054823063270962,            0.009413690807154885,             0.09413690807154884,            0.021449337936007923
              1.7381294819481197,        0.0000004549340756943866,            0.009440502479574895,             0.09440502479574894,            0.021154415857916643
              1.7506294819481196,       0.00000040944066812494793,            0.009466945499397292,              0.0946694549939729,            0.020863548326546237
              1.7631294819481196,       0.00000036849660131245315,            0.009493024934805475,             0.09493024934805473,             0.02057667965506458
              1.7756294819481195,        0.0000003316469411812078,            0.009518745784374305,             0.09518745784374304,             0.02029375491601496
              1.7881294819481195,         0.000000298482247063087,            0.009544112978019324,             0.09544112978019323,            0.020014719931506518
              1.8006294819481194,       0.00000026863402235677835,            0.009569131377933707,             0.09569131377933707,            0.019739521263476393
              1.8131294819481194,        0.0000002417706201211005,            0.009593805779513052,             0.09593805779513052,            0.019468106204028873
              1.8256294819481194,       0.00000021759355810899045,            0.009618140912268088,             0.09618140912268089,            0.019200422765856227
              1.8381294819481193,        0.0000001958342022980914,             0.00964214144072541,             0.09642141440725409,            0.018936419672745182
              1.8506294819481193,       0.00000017625078206828228,             0.00966581196531634,              0.0966581196531634,            0.018676046350172466
              1.8631294819481192,       0.00000015862570386145404,            0.009689157023254057,             0.09689157023254055,             0.01841925291599237
              1.8756294819481192,       0.00000014276313347530865,            0.009712181089399047,             0.09712181089399045,             0.01816599017121877
              1.8881294819481191,        0.0000001284868201277778,            0.009734888577113071,             0.09734888577113068,            0.017916209590903683
               1.900629481948119,       0.00000011563813811500001,            0.009757283839101702,             0.09757283839101698,             0.01766986331511401
               1.913129481948119,       0.00000010407432430350001,            0.009779371168245595,              0.0977937116824559,             0.01742690414000792
               1.925629481948119,          0.00000009366689187315,            0.009801154798420605,               0.098011547984206,            0.017187285509011864
               1.938129481948119,         0.000000084300202685835,             0.00982263890530687,             0.09822638905306864,              0.0169509615040991
               1.950629481948119,        0.0000000758701824172515,            0.009843827607186993,             0.09843827607186988,            0.016717886837170272
              1.9631294819481189,       0.00000006828316417552635,            0.009864724965733455,              0.0986472496573345,             0.01648801684153646
              1.9756294819481188,       0.00000006145484775797372,            0.009885334986785376,              0.0988533498678537,            0.016261307463504886
              1.9881294819481188,       0.00000005530936298217635,            0.009905661621114758,             0.09905661621114752,            0.016037715254067293
              2.0006294819481187,       0.00000004977842668395872,            0.009925708765182343,             0.09925708765182335,            0.015817197360690906
               2.013129481948119,      0.000000044800584015562846,            0.009945480261883207,               0.099454802618832,             0.01559971151921174
               2.025629481948119,       0.00000004032052561400656,            0.009964979901282221,             0.09964979901282214,            0.015385216045829878
              2.0381294819481193,      0.000000036288473052605903,            0.009984211421339508,             0.09984211421339502,            0.015173669829206288
              2.0506294819481194,      0.000000032659625747345314,            0.010003178508626016,              0.1000317850862601,            0.014965032322660615
              2.0631294819481196,      0.000000029393663172610783,            0.010021884799029341,             0.10021884799029335,            0.014759263536469353
                2.07562948194812,      0.000000026454296855349704,            0.010040333878449928,             0.10040333878449921,             0.01455632403026369
                2.08812948194812,      0.000000023808867169814733,            0.010058529283487758,             0.10058529283487751,            0.014356174905526275
                2.10062948194812,       0.00000002142798045283326,            0.010076474502119665,             0.10076474502119659,            0.014158777798186127
              2.1131294819481203,       0.00000001928518240754993,            0.010094172974367398,             0.10094172974367392,            0.013964094871310824
              2.1256294819481205,       0.00000001735666416679494,            0.010111628092956536,              0.1011162809295653,             0.01377208880789508
              2.1381294819481207,      0.000000015620997750115444,            0.010128843203966405,             0.10128843203966399,            0.013582722803744826
               2.150629481948121,        0.0000000140588979751039,            0.010145821607471087,              0.1014582160747108,            0.013395960560455807
               2.163129481948121,      0.000000012653008177593509,            0.010162566558171656,              0.1016256655817165,            0.013211766278485764
              2.1756294819481212,      0.000000011387707359834158,            0.010179081266019763,             0.10179081266019757,            0.013030104650319186
              2.1881294819481214,      0.000000010248936623850741,            0.010195368896832662,             0.10195368896832656,             0.01285094085372364
              2.2006294819481216,      0.000000009224042961465668,            0.010211432572899816,              0.1021143257289981,            0.012674240545096648
              2.2131294819481218,        0.0000000083016386653191,            0.010227275373581186,             0.10227275373581181,            0.012499969852902106
               2.225629481948122,      0.000000007471474798787191,            0.010242900335897314,             0.10242900335897308,            0.012328095371195186
               2.238129481948122,     0.0000000067243273189084725,            0.010258310455111308,             0.10258310455111302,            0.012158584153234687
              2.2506294819481223,      0.000000006051894587017625,            0.010273508685302852,             0.10273508685302846,            0.011991403705181801
              2.2631294819481225,     0.0000000054467051283158625,            0.010288497939934329,             0.10288497939934323,            0.011826521979884234
              2.2756294819481226,      0.000000004902034615484276,            0.010303281092409184,             0.10303281092409178,             0.01166390737074464
               2.288129481948123,      0.000000004411831153935849,            0.010317860976622614,             0.10317860976622609,            0.011503528705672334
               2.300629481948123,      0.000000003970648038542264,            0.010332240387504705,             0.10332240387504699,            0.011345355241117228
               2.313129481948123,     0.0000000035735832346880375,            0.010346422081556101,             0.10346422081556095,            0.011189356656184967
              2.3256294819481234,     0.0000000032162249112192337,            0.010360408777376333,             0.10360408777376326,            0.011035503046832214
              2.3381294819481235,     0.0000000028946024200973103,            0.010374203156184874,             0.10374203156184866,            0.010883764920141082
              2.3506294819481237,     0.0000000026051421780875793,            0.010387807862335051,             0.10387807862335043,            0.010734113188671672
               2.363129481948124,     0.0000000023446279602788215,            0.010401225503820891,             0.10401225503820882,            0.010586519164891714
               2.375629481948124,     0.0000000021101651642509394,            0.010414458652777006,             0.10414458652776996,            0.010440954555682303
              2.3881294819481242,     0.0000000018991486478258455,            0.010427509845971608,               0.104275098459716,            0.010297391456918735
              2.4006294819481244,      0.000000001709233783043261,            0.010440381585292757,             0.10440381585292748,            0.010155802348125461
              2.4131294819481246,     0.0000000015383104047389349,            0.010453076338227915,             0.10453076338227904,            0.010016160087204158
              2.4256294819481248,     0.0000000013844793642650415,             0.01046559653833692,             0.10465596538336909,            0.009878437905233982
               2.438129481948125,     0.0000000012460314278385374,            0.010477944585718463,             0.10477944585718452,            0.009742609401343007
               2.450629481948125,     0.0000000011214282850546837,            0.010490122847470142,              0.1049012284747013,            0.009608648537649932
              2.4631294819481253,     0.0000000010092854565492153,            0.010502133658142204,             0.10502133658142193,            0.009476529634275099
              2.4756294819481255,     0.0000000009083569108942937,            0.010513979320185048,             0.10513979320185037,            0.009346227364419884
              2.4881294819481257,     0.0000000008175212198048643,            0.010525662104390572,             0.10525662104390561,            0.009217716749513572
               2.500629481948126,     0.0000000007357690978243778,            0.010537184250327465,             0.10537184250327453,            0.009090973154426776
               2.513129481948126,       0.00000000066219218804194,            0.010548547966770499,             0.10548547966770486,            0.008965972282750522
               2.525629481948126,      0.000000000595972969237746,            0.010559755432123938,             0.10559755432123924,            0.008842690172140105
              2.5381294819481264,     0.0000000005363756723139714,            0.010570808794839112,               0.105708087948391,             0.00872110318972284
              2.5506294819481266,     0.0000000004827381050825742,            0.010581710173826265,             0.10581710173826253,            0.008601188027568847
              2.5631294819481267,     0.0000000004344642945743168,            0.010592461658860726,             0.10592461658860715,            0.008482921698224002
               2.575629481948127,    0.00000000039101786511688513,            0.010603065310983506,             0.10603065310983495,            0.008366281530304226
               2.588129481948127,     0.0000000003519160786051966,            0.010613523162896387,             0.10613523162896375,            0.008251245164150265
              2.6006294819481273,     0.0000000003167244707446769,            0.010623837219351576,             0.10623837219351563,             0.00813779054754215
              2.6131294819481274,    0.00000000028505202367020923,            0.010634009457536004,             0.10634009457535991,            0.008025895931472501
              2.6256294819481276,     0.0000000002565468213031883,            0.010644041827450344,             0.10644041827450332,            0.007915539865977905
               2.638129481948128,     0.0000000002308921391728695,            0.010653936252282817,             0.10653936252282804,            0.007806701196027544
               2.650629481948128,    0.00000000020780292525558255,            0.010663694628777852,             0.10663694628777838,            0.007699359057468317
               2.663129481948128,    0.00000000018702263273002428,            0.010673318827599688,             0.10673318827599673,            0.007593492873025664
              2.6756294819481283,    0.00000000016832036945702186,             0.01068281069369097,             0.10682810693690956,            0.007489082348359344
              2.6881294819481285,    0.00000000015148833251131968,             0.01069217204662642,             0.10692172046626405,            0.007386107468173407
              2.7006294819481287,    0.00000000013633949926018772,            0.010701404680961635,             0.10701404680961622,            0.007284548492379628
               2.713129481948129,    0.00000000012270554933416894,             0.01071051036657711,             0.10710510366577097,            0.007184385952313651
               2.725629481948129,    0.00000000011043499440075205,            0.010719490849017502,             0.10719490849017489,            0.007085600647003158
               2.738129481948129,    0.00000000009939149496067684,            0.010728347849826255,             0.10728347849826243,            0.006988173639487302
              2.7506294819481294,    0.00000000008945234546460915,            0.010737083066875614,             0.10737083066875602,            0.006892086253186745
              2.7631294819481296,    0.00000000008050711091814824,            0.010745698174692097,             0.10745698174692085,            0.006797320068323582
              2.7756294819481298,    0.00000000007245639982633341,            0.010754194824777501,              0.1075419482477749,           0.0067038569183904715
                2.78812948194813,    0.00000000006521075984370006,            0.010762574645925489,             0.10762574645925478,           0.0066116788866683075
                2.80062948194813,    0.00000000005868968385933006,            0.010770839244533825,             0.10770839244533814,            0.006520768302791753
              2.8131294819481303,    0.00000000005282071547339705,            0.010778990204912315,             0.10778990204912303,            0.006431107739361988
              2.8256294819481305,   0.000000000047538643926057347,            0.010787029089586517,             0.10787029089586506,            0.006342680008606019
              2.8381294819481306,    0.00000000004278477953345161,            0.010794957439597274,             0.10794957439597264,             0.00625546815908192
               2.850629481948131,    0.00000000003850630158010645,            0.010802776774796127,             0.10802776774796116,            0.006169455472429353
               2.863129481948131,   0.000000000034655671422095806,            0.010810488594136664,             0.10810488594136652,            0.006084625460164778
               2.875629481948131,    0.00000000003119010427988623,             0.01081809437596187,             0.10818094375961858,           0.0060009618605207085
              2.8881294819481313,   0.000000000028071093851897604,             0.01082559557828752,             0.10825595578287509,            0.005918448635328425
              2.9006294819481315,   0.000000000025263984466707843,             0.01083299363908168,             0.10832993639081669,            0.005837069966943548
              2.9131294819481317,   0.000000000022737586020037057,             0.01084028997654036,             0.10840289976540347,            0.005756810255213874
               2.925629481948132,    0.00000000002046382741803335,            0.010847485989359378,             0.10847485989359365,            0.005677654114488903
               2.938129481948132,   0.000000000018417444676230016,            0.010854583057002489,             0.10854583057002476,            0.005599586370670478
              2.9506294819481322,   0.000000000016575700208607013,            0.010861582539965827,             0.10861582539965814,            0.005522592058303977
              2.9631294819481324,   0.000000000014918130187746313,            0.010868485780038708,             0.10868485780038693,            0.005446656417709493
              2.9756294819481326,   0.000000000013426317168971682,            0.010875294100560845,              0.1087529410056083,            0.005371764892152464
              2.9881294819481328,   0.000000000012083685452074514,            0.010882008806676035,              0.1088200880667602,            0.005297903125053197
                               3,   0.000000000010936168601739026,            0.010888297692144335,             0.10888297692144319,             0.00522872538504535
