+0.000001,	+9.999920e-1,	+0.000000e0,	+0.000000e0,	+1.000000e-6
+0.000002,	+9.999840e-1,	+1.000000e-13,	+1.000000e-12,	+1.999991e-6
+0.000003,	+9.999760e-1,	+2.999991e-13,	+2.999991e-12,	+2.999973e-6
+0.000004,	+9.999680e-1,	+5.999964e-13,	+5.999964e-12,	+3.999945e-6
+0.000005,	+9.999600e-1,	+9.999909e-13,	+9.999909e-12,	+4.999909e-6
+0.000006,	+9.999520e-1,	+1.499982e-12,	+1.499982e-11,	+5.999864e-6
+0.000007,	+9.999440e-1,	+2.099968e-12,	+2.099968e-11,	+6.999809e-6
+0.000008,	+9.999360e-1,	+2.799949e-12,	+2.799949e-11,	+7.999745e-6
+0.000009,	+9.999280e-1,	+3.599924e-12,	+3.599924e-11,	+8.999672e-6
+0.000010,	+9.999200e-1,	+4.499891e-12,	+4.499891e-11,	+9.999591e-6
+0.000011,	+9.999120e-1,	+5.499850e-12,	+5.499850e-11,	+1.099950e-5
+0.000012,	+9.999040e-1,	+6.599800e-12,	+6.599800e-11,	+1.199940e-5
+0.000013,	+9.998960e-1,	+7.799740e-12,	+7.799740e-11,	+1.299929e-5
+0.000014,	+9.998880e-1,	+9.099669e-12,	+9.099669e-11,	+1.399917e-5
+0.000015,	+9.998800e-1,	+1.049959e-11,	+1.049959e-10,	+1.499904e-5
+0.000016,	+9.998720e-1,	+1.199949e-11,	+1.199949e-10,	+1.599891e-5
+0.000017,	+9.998640e-1,	+1.359938e-11,	+1.359938e-10,	+1.699876e-5
+0.000018,	+9.998560e-1,	+1.529926e-11,	+1.529926e-10,	+1.799861e-5
+0.000019,	+9.998480e-1,	+1.709912e-11,	+1.709912e-10,	+1.899844e-5
+0.000020,	+9.998400e-1,	+1.899896e-11,	+1.899896e-10,	+1.999827e-5
+0.000021,	+9.998320e-1,	+2.099879e-11,	+2.099879e-10,	+2.099809e-5
+0.000022,	+9.998240e-1,	+2.309867e-11,	+2.309867e-10,	+2.199793e-5
+0.000023,	+9.998156e-1,	+2.540854e-11,	+2.540854e-10,	+2.304776e-5
+0.000024,	+9.998068e-1,	+2.794939e-11,	+2.794939e-10,	+2.414996e-5
+0.000025,	+9.997975e-1,	+3.074433e-11,	+3.074433e-10,	+2.530703e-5
+0.000027,	+9.997878e-1,	+3.381876e-11,	+3.381876e-10,	+2.652160e-5
+0.000028,	+9.997776e-1,	+3.720064e-11,	+3.720064e-10,	+2.779644e-5
+0.000029,	+9.997669e-1,	+4.092070e-11,	+4.092070e-10,	+2.913442e-5
+0.000031,	+9.997557e-1,	+4.501277e-11,	+4.501277e-10,	+3.053860e-5
+0.000032,	+9.997439e-1,	+4.951405e-11,	+4.951405e-10,	+3.201215e-5
+0.000034,	+9.997315e-1,	+5.446545e-11,	+5.446545e-10,	+3.355843e-5
+0.000035,	+9.997185e-1,	+5.991200e-11,	+5.991200e-10,	+3.518094e-5
+0.000037,	+9.997049e-1,	+6.590320e-11,	+6.590320e-10,	+3.688336e-5
+0.000039,	+9.996906e-1,	+7.249352e-11,	+7.249352e-10,	+3.866956e-5
+0.000041,	+9.996756e-1,	+7.974287e-11,	+7.974287e-10,	+4.054359e-5
+0.000043,	+9.996599e-1,	+8.771716e-11,	+8.771716e-10,	+4.250971e-5
+0.000045,	+9.996434e-1,	+9.648887e-11,	+9.648887e-10,	+4.457237e-5
+0.000047,	+9.996261e-1,	+1.061378e-10,	+1.061378e-9,	+4.673626e-5
+0.000049,	+9.996079e-1,	+1.167515e-10,	+1.167515e-9,	+4.900629e-5
+0.000051,	+9.995889e-1,	+1.284267e-10,	+1.284267e-9,	+5.138761e-5
+0.000054,	+9.995689e-1,	+1.412694e-10,	+1.412694e-9,	+5.388561e-5
+0.000057,	+9.995479e-1,	+1.553963e-10,	+1.553963e-9,	+5.650598e-5
+0.000059,	+9.995259e-1,	+1.709359e-10,	+1.709359e-9,	+5.925465e-5
+0.000062,	+9.995029e-1,	+1.880295e-10,	+1.880295e-9,	+6.213786e-5
+0.000065,	+9.994787e-1,	+2.068325e-10,	+2.068325e-9,	+6.516216e-5
+0.000068,	+9.994533e-1,	+2.275157e-10,	+2.275157e-9,	+6.833440e-5
+0.000072,	+9.994267e-1,	+2.502673e-10,	+2.502673e-9,	+7.166177e-5
+0.000075,	+9.993988e-1,	+2.752940e-10,	+2.752940e-9,	+7.515183e-5
+0.000079,	+9.993695e-1,	+3.028234e-10,	+3.028234e-9,	+7.881250e-5
+0.000083,	+9.993388e-1,	+3.331058e-10,	+3.331058e-9,	+8.265207e-5
+0.000087,	+9.993065e-1,	+3.664163e-10,	+3.664163e-9,	+8.667926e-5
+0.000091,	+9.992727e-1,	+4.030580e-10,	+4.030580e-9,	+9.090319e-5
+0.000095,	+9.992373e-1,	+4.433638e-10,	+4.433638e-9,	+9.533345e-5
+0.000100,	+9.992001e-1,	+4.877001e-10,	+4.877001e-9,	+9.998007e-5
+0.000105,	+9.991611e-1,	+5.364701e-10,	+5.364701e-9,	+1.048536e-4
+0.000110,	+9.991202e-1,	+5.901172e-10,	+5.901172e-9,	+1.099651e-4
+0.000115,	+9.990773e-1,	+6.491289e-10,	+6.491289e-9,	+1.153261e-4
+0.000121,	+9.990323e-1,	+7.140418e-10,	+7.140418e-9,	+1.209489e-4
+0.000127,	+9.989852e-1,	+7.854459e-10,	+7.854459e-9,	+1.268460e-4
+0.000133,	+9.989357e-1,	+8.639905e-10,	+8.639905e-9,	+1.330310e-4
+0.000140,	+9.988838e-1,	+9.503896e-10,	+9.503896e-9,	+1.395178e-4
+0.000146,	+9.988293e-1,	+1.045429e-9,	+1.045429e-8,	+1.463211e-4
+0.000154,	+9.987722e-1,	+1.149971e-9,	+1.149971e-8,	+1.534563e-4
+0.000161,	+9.987124e-1,	+1.264969e-9,	+1.264969e-8,	+1.609397e-4
+0.000169,	+9.986496e-1,	+1.391465e-9,	+1.391465e-8,	+1.687881e-4
+0.000177,	+9.985837e-1,	+1.530612e-9,	+1.530612e-8,	+1.770193e-4
+0.000186,	+9.985146e-1,	+1.683673e-9,	+1.683673e-8,	+1.856519e-4
+0.000195,	+9.984422e-1,	+1.852040e-9,	+1.852040e-8,	+1.947056e-4
+0.000204,	+9.983662e-1,	+2.037244e-9,	+2.037244e-8,	+2.042007e-4
+0.000214,	+9.982865e-1,	+2.240969e-9,	+2.240969e-8,	+2.141589e-4
+0.000225,	+9.982030e-1,	+2.465066e-9,	+2.465066e-8,	+2.246025e-4
+0.000236,	+9.981153e-1,	+2.711572e-9,	+2.711572e-8,	+2.355553e-4
+0.000247,	+9.980234e-1,	+2.982730e-9,	+2.982730e-8,	+2.470420e-4
+0.000259,	+9.979270e-1,	+3.281003e-9,	+3.281003e-8,	+2.590887e-4
+0.000272,	+9.978259e-1,	+3.609103e-9,	+3.609103e-8,	+2.717224e-4
+0.000285,	+9.977199e-1,	+3.970013e-9,	+3.970013e-8,	+2.849719e-4
+0.000299,	+9.976087e-1,	+4.367015e-9,	+4.367015e-8,	+2.988670e-4
+0.000314,	+9.974921e-1,	+4.803716e-9,	+4.803716e-8,	+3.134392e-4
+0.000329,	+9.973698e-1,	+5.284088e-9,	+5.284088e-8,	+3.287213e-4
+0.000345,	+9.972415e-1,	+5.812496e-9,	+5.812496e-8,	+3.447479e-4
+0.000362,	+9.971070e-1,	+6.393746e-9,	+6.393746e-8,	+3.615551e-4
+0.000380,	+9.969659e-1,	+7.033121e-9,	+7.033121e-8,	+3.791809e-4
+0.000398,	+9.968180e-1,	+7.736433e-9,	+7.736433e-8,	+3.976651e-4
+0.000418,	+9.966629e-1,	+8.510076e-9,	+8.510076e-8,	+4.170493e-4
+0.000438,	+9.965002e-1,	+9.361083e-9,	+9.361083e-8,	+4.373773e-4
+0.000460,	+9.963295e-1,	+1.029719e-8,	+1.029719e-7,	+4.586949e-4
+0.000482,	+9.961506e-1,	+1.132691e-8,	+1.132691e-7,	+4.810500e-4
+0.000506,	+9.959630e-1,	+1.245960e-8,	+1.245960e-7,	+5.044932e-4
+0.000530,	+9.957662e-1,	+1.370556e-8,	+1.370556e-7,	+5.290770e-4
+0.000556,	+9.955598e-1,	+1.507612e-8,	+1.507612e-7,	+5.548569e-4
+0.000583,	+9.953434e-1,	+1.658373e-8,	+1.658373e-7,	+5.818909e-4
+0.000612,	+9.951165e-1,	+1.824210e-8,	+1.824210e-7,	+6.102397e-4
+0.000642,	+9.948785e-1,	+2.006631e-8,	+2.006631e-7,	+6.399669e-4
+0.000673,	+9.946289e-1,	+2.207295e-8,	+2.207295e-7,	+6.711395e-4
+0.000706,	+9.943672e-1,	+2.428024e-8,	+2.428024e-7,	+7.038274e-4
+0.000741,	+9.940928e-1,	+2.670826e-8,	+2.670826e-7,	+7.381038e-4
+0.000777,	+9.938050e-1,	+2.937909e-8,	+2.937909e-7,	+7.740456e-4
+0.000815,	+9.935033e-1,	+3.231700e-8,	+3.231700e-7,	+8.117334e-4
+0.000854,	+9.931869e-1,	+3.554870e-8,	+3.554870e-7,	+8.512515e-4
+0.000896,	+9.928551e-1,	+3.910357e-8,	+3.910357e-7,	+8.926884e-4
+0.000940,	+9.925071e-1,	+4.301393e-8,	+4.301393e-7,	+9.361367e-4
+0.000986,	+9.921423e-1,	+4.731532e-8,	+4.731532e-7,	+9.816934e-4
+0.001034,	+9.917597e-1,	+5.204685e-8,	+5.204685e-7,	+1.029460e-3
+0.001085,	+9.913586e-1,	+5.725153e-8,	+5.725153e-7,	+1.079544e-3
+0.001138,	+9.909380e-1,	+6.297669e-8,	+6.297669e-7,	+1.132056e-3
+0.001193,	+9.904970e-1,	+6.927436e-8,	+6.927436e-7,	+1.187113e-3
+0.001252,	+9.900346e-1,	+7.620179e-8,	+7.620179e-7,	+1.244837e-3
+0.001313,	+9.895498e-1,	+8.382197e-8,	+8.382197e-7,	+1.305358e-3
+0.001377,	+9.890414e-1,	+9.220417e-8,	+9.220417e-7,	+1.368808e-3
+0.001445,	+9.885084e-1,	+1.014246e-7,	+1.014246e-6,	+1.435330e-3
+0.001515,	+9.879496e-1,	+1.115670e-7,	+1.115670e-6,	+1.505069e-3
+0.001589,	+9.873638e-1,	+1.227237e-7,	+1.227237e-6,	+1.578180e-3
+0.001667,	+9.867495e-1,	+1.349961e-7,	+1.349961e-6,	+1.654826e-3
+0.001749,	+9.861055e-1,	+1.484957e-7,	+1.484957e-6,	+1.735173e-3
+0.001834,	+9.854304e-1,	+1.633453e-7,	+1.633453e-6,	+1.819401e-3
+0.001924,	+9.847226e-1,	+1.796798e-7,	+1.796798e-6,	+1.907693e-3
+0.002018,	+9.839807e-1,	+1.976478e-7,	+1.976478e-6,	+2.000243e-3
+0.002117,	+9.832028e-1,	+2.174126e-7,	+2.174126e-6,	+2.097255e-3
+0.002221,	+9.823874e-1,	+2.391539e-7,	+2.391539e-6,	+2.198940e-3
+0.002329,	+9.815327e-1,	+2.630693e-7,	+2.630693e-6,	+2.305520e-3
+0.002444,	+9.806367e-1,	+2.893762e-7,	+2.893762e-6,	+2.417227e-3
+0.002563,	+9.796975e-1,	+3.183138e-7,	+3.183138e-6,	+2.534305e-3
+0.002689,	+9.787131e-1,	+3.501452e-7,	+3.501452e-6,	+2.657007e-3
+0.002821,	+9.776813e-1,	+3.851597e-7,	+3.851597e-6,	+2.785598e-3
+0.002959,	+9.765999e-1,	+4.236757e-7,	+4.236757e-6,	+2.920357e-3
+0.003104,	+9.754664e-1,	+4.660432e-7,	+4.660432e-6,	+3.061573e-3
+0.003256,	+9.742785e-1,	+5.126476e-7,	+5.126476e-6,	+3.209549e-3
+0.003416,	+9.730336e-1,	+5.639123e-7,	+5.639123e-6,	+3.364602e-3
+0.003584,	+9.717289e-1,	+6.203035e-7,	+6.203035e-6,	+3.527064e-3
+0.003759,	+9.703617e-1,	+6.823339e-7,	+6.823339e-6,	+3.697279e-3
+0.003944,	+9.689291e-1,	+7.505673e-7,	+7.505673e-6,	+3.875609e-3
+0.004138,	+9.674279e-1,	+8.256240e-7,	+8.256240e-6,	+4.062431e-3
+0.004341,	+9.658550e-1,	+9.081864e-7,	+9.081864e-6,	+4.258137e-3
+0.004554,	+9.642070e-1,	+9.990051e-7,	+9.990051e-6,	+4.463138e-3
+0.004778,	+9.624804e-1,	+1.098906e-6,	+1.098906e-5,	+4.677862e-3
+0.005013,	+9.606716e-1,	+1.208796e-6,	+1.208796e-5,	+4.902755e-3
+0.005259,	+9.587767e-1,	+1.329676e-6,	+1.329676e-5,	+5.138283e-3
+0.005518,	+9.567918e-1,	+1.462643e-6,	+1.462643e-5,	+5.384931e-3
+0.005790,	+9.547128e-1,	+1.608908e-6,	+1.608908e-5,	+5.643204e-3
+0.006075,	+9.525352e-1,	+1.769798e-6,	+1.769798e-5,	+5.913628e-3
+0.006374,	+9.502547e-1,	+1.946778e-6,	+1.946778e-5,	+6.196751e-3
+0.006688,	+9.478664e-1,	+2.141456e-6,	+2.141456e-5,	+6.493142e-3
+0.007018,	+9.453655e-1,	+2.355602e-6,	+2.355602e-5,	+6.803396e-3
+0.007364,	+9.427470e-1,	+2.591162e-6,	+2.591162e-5,	+7.128127e-3
+0.007728,	+9.400054e-1,	+2.850278e-6,	+2.850278e-5,	+7.467977e-3
+0.008110,	+9.371352e-1,	+3.135306e-6,	+3.135306e-5,	+7.823610e-3
+0.008510,	+9.341308e-1,	+3.448836e-6,	+3.448836e-5,	+8.195718e-3
+0.008931,	+9.309860e-1,	+3.793720e-6,	+3.793720e-5,	+8.585015e-3
+0.009373,	+9.276948e-1,	+4.173092e-6,	+4.173092e-5,	+8.992245e-3
+0.009837,	+9.242506e-1,	+4.590401e-6,	+4.590401e-5,	+9.418176e-3
+0.010325,	+9.206468e-1,	+5.049441e-6,	+5.049441e-5,	+9.863605e-3
+0.010836,	+9.168764e-1,	+5.554386e-6,	+5.554386e-5,	+1.032935e-2
+0.011374,	+9.129321e-1,	+6.109824e-6,	+6.109824e-5,	+1.081627e-2
+0.011939,	+9.088066e-1,	+6.720806e-6,	+6.720806e-5,	+1.132524e-2
+0.012533,	+9.044921e-1,	+7.392887e-6,	+7.392887e-5,	+1.185717e-2
+0.013156,	+8.999805e-1,	+8.132176e-6,	+8.132176e-5,	+1.241298e-2
+0.013811,	+8.952636e-1,	+8.945393e-6,	+8.945393e-5,	+1.299365e-2
+0.014500,	+8.903329e-1,	+9.839933e-6,	+9.839933e-5,	+1.360015e-2
+0.015223,	+8.851796e-1,	+1.082393e-5,	+1.082393e-4,	+1.423349e-2
+0.015984,	+8.797944e-1,	+1.190632e-5,	+1.190632e-4,	+1.489473e-2
+0.016783,	+8.741682e-1,	+1.309695e-5,	+1.309695e-4,	+1.558491e-2
+0.017623,	+8.682913e-1,	+1.440665e-5,	+1.440665e-4,	+1.630512e-2
+0.018507,	+8.621537e-1,	+1.584731e-5,	+1.584731e-4,	+1.705646e-2
+0.019436,	+8.557455e-1,	+1.743204e-5,	+1.743204e-4,	+1.784006e-2
+0.020413,	+8.490561e-1,	+1.917525e-5,	+1.917525e-4,	+1.865706e-2
+0.021441,	+8.420750e-1,	+2.109277e-5,	+2.109277e-4,	+1.950861e-2
+0.022522,	+8.347913e-1,	+2.320205e-5,	+2.320205e-4,	+2.039586e-2
+0.023660,	+8.271942e-1,	+2.552225e-5,	+2.552225e-4,	+2.131998e-2
+0.024857,	+8.192723e-1,	+2.807448e-5,	+2.807448e-4,	+2.228215e-2
+0.026117,	+8.110143e-1,	+3.088192e-5,	+3.088192e-4,	+2.328351e-2
+0.027443,	+8.024088e-1,	+3.397012e-5,	+3.397012e-4,	+2.432522e-2
+0.028840,	+7.934443e-1,	+3.736713e-5,	+3.736713e-4,	+2.540842e-2
+0.030310,	+7.841093e-1,	+4.110384e-5,	+4.110384e-4,	+2.653420e-2
+0.031859,	+7.743920e-1,	+4.521423e-5,	+4.521423e-4,	+2.770364e-2
+0.033491,	+7.642811e-1,	+4.973565e-5,	+4.973565e-4,	+2.891777e-2
+0.035211,	+7.537652e-1,	+5.470921e-5,	+5.470921e-4,	+3.017754e-2
+0.037024,	+7.428332e-1,	+6.018013e-5,	+6.018013e-4,	+3.148387e-2
+0.038936,	+7.314740e-1,	+6.619815e-5,	+6.619815e-4,	+3.283757e-2
+0.040952,	+7.196772e-1,	+7.281796e-5,	+7.281796e-4,	+3.423935e-2
+0.043078,	+7.074327e-1,	+8.009976e-5,	+8.009976e-4,	+3.568981e-2
+0.045323,	+6.947310e-1,	+8.810973e-5,	+8.810973e-4,	+3.718942e-2
+0.047692,	+6.815633e-1,	+9.692071e-5,	+9.692071e-4,	+3.873846e-2
+0.050194,	+6.679215e-1,	+1.066128e-4,	+1.066128e-3,	+4.033707e-2
+0.052837,	+6.537987e-1,	+1.172741e-4,	+1.172741e-3,	+4.198514e-2
+0.055630,	+6.391891e-1,	+1.290015e-4,	+1.290015e-3,	+4.368235e-2
+0.058583,	+6.240880e-1,	+1.419016e-4,	+1.419016e-3,	+4.542808e-2
+0.061707,	+6.084925e-1,	+1.560918e-4,	+1.560918e-3,	+4.722143e-2
+0.065012,	+5.924014e-1,	+1.717009e-4,	+1.717009e-3,	+4.906112e-2
+0.068512,	+5.758154e-1,	+1.888710e-4,	+1.888710e-3,	+5.094549e-2
+0.072219,	+5.587376e-1,	+2.077581e-4,	+2.077581e-3,	+5.287246e-2
+0.076149,	+5.411735e-1,	+2.285340e-4,	+2.285340e-3,	+5.483945e-2
+0.080316,	+5.231315e-1,	+2.513874e-4,	+2.513874e-3,	+5.684331e-2
+0.084739,	+5.046232e-1,	+2.765261e-4,	+2.765261e-3,	+5.888031e-2
+0.089435,	+4.856639e-1,	+3.041787e-4,	+3.041787e-3,	+6.094605e-2
+0.094426,	+4.662725e-1,	+3.345966e-4,	+3.345966e-3,	+6.303538e-2
+0.099734,	+4.464724e-1,	+3.680562e-4,	+3.680562e-3,	+6.514233e-2
+0.105384,	+4.262918e-1,	+4.048618e-4,	+4.048618e-3,	+6.726005e-2
+0.111404,	+4.057638e-1,	+4.453480e-4,	+4.453480e-3,	+6.938070e-2
+0.117822,	+3.849273e-1,	+4.898828e-4,	+4.898828e-3,	+7.149538e-2
+0.124674,	+3.638273e-1,	+5.388711e-4,	+5.388711e-3,	+7.359401e-2
+0.131997,	+3.425151e-1,	+5.927582e-4,	+5.927582e-3,	+7.566527e-2
+0.139831,	+3.210491e-1,	+6.520341e-4,	+6.520341e-3,	+7.769649e-2
+0.148223,	+2.994950e-1,	+7.172375e-4,	+7.172375e-3,	+7.967351e-2
+0.157225,	+2.779261e-1,	+7.889612e-4,	+7.889612e-3,	+8.158067e-2
+0.166896,	+2.564236e-1,	+8.678573e-4,	+8.678573e-3,	+8.340062e-2
+0.177302,	+2.350771e-1,	+9.546431e-4,	+9.546431e-3,	+8.511429e-2
+0.188518,	+2.139841e-1,	+1.050107e-3,	+1.050107e-2,	+8.670081e-2
+0.200629,	+1.932501e-1,	+1.155118e-3,	+1.155118e-2,	+8.813743e-2
+0.213129,	+1.739251e-1,	+1.265290e-3,	+1.265290e-2,	+8.934117e-2
+0.225629,	+1.565326e-1,	+1.376966e-3,	+1.376966e-2,	+9.028679e-2
+0.238129,	+1.408793e-1,	+1.489825e-3,	+1.489825e-2,	+9.100201e-2
+0.250629,	+1.267914e-1,	+1.603577e-3,	+1.603577e-2,	+9.151172e-2
+0.263129,	+1.141123e-1,	+1.717967e-3,	+1.717967e-2,	+9.183833e-2
+0.275629,	+1.027010e-1,	+1.832765e-3,	+1.832765e-2,	+9.200196e-2
+0.288129,	+9.243094e-2,	+1.947767e-3,	+1.947767e-2,	+9.202069e-2
+0.300629,	+8.318785e-2,	+2.062793e-3,	+2.062793e-2,	+9.191079e-2
+0.313129,	+7.486906e-2,	+2.177682e-3,	+2.177682e-2,	+9.168687e-2
+0.325629,	+6.738216e-2,	+2.292290e-3,	+2.292290e-2,	+9.136204e-2
+0.338129,	+6.064394e-2,	+2.406493e-3,	+2.406493e-2,	+9.094809e-2
+0.350629,	+5.457955e-2,	+2.520178e-3,	+2.520178e-2,	+9.045560e-2
+0.363129,	+4.912159e-2,	+2.633247e-3,	+2.633247e-2,	+8.989408e-2
+0.375629,	+4.420943e-2,	+2.745615e-3,	+2.745615e-2,	+8.927206e-2
+0.388129,	+3.978849e-2,	+2.857205e-3,	+2.857205e-2,	+8.859718e-2
+0.400629,	+3.580964e-2,	+2.967952e-3,	+2.967952e-2,	+8.787633e-2
+0.413129,	+3.222868e-2,	+3.077797e-3,	+3.077797e-2,	+8.711565e-2
+0.425629,	+2.900581e-2,	+3.186692e-3,	+3.186692e-2,	+8.632067e-2
+0.438129,	+2.610523e-2,	+3.294592e-3,	+3.294592e-2,	+8.549633e-2
+0.450629,	+2.349470e-2,	+3.401463e-3,	+3.401463e-2,	+8.464707e-2
+0.463129,	+2.114523e-2,	+3.507272e-3,	+3.507272e-2,	+8.377686e-2
+0.475629,	+1.903071e-2,	+3.611993e-3,	+3.611993e-2,	+8.288924e-2
+0.488129,	+1.712764e-2,	+3.715604e-3,	+3.715604e-2,	+8.198740e-2
+0.500629,	+1.541488e-2,	+3.818089e-3,	+3.818089e-2,	+8.107417e-2
+0.513129,	+1.387339e-2,	+3.919431e-3,	+3.919431e-2,	+8.015208e-2
+0.525629,	+1.248605e-2,	+4.019621e-3,	+4.019621e-2,	+7.922341e-2
+0.538129,	+1.123744e-2,	+4.118651e-3,	+4.118651e-2,	+7.829016e-2
+0.550629,	+1.011370e-2,	+4.216513e-3,	+4.216513e-2,	+7.735414e-2
+0.563129,	+9.102330e-3,	+4.313206e-3,	+4.313206e-2,	+7.641694e-2
+0.575629,	+8.192097e-3,	+4.408727e-3,	+4.408727e-2,	+7.547999e-2
+0.588129,	+7.372887e-3,	+4.503077e-3,	+4.503077e-2,	+7.454454e-2
+0.600629,	+6.635599e-3,	+4.596258e-3,	+4.596258e-2,	+7.361171e-2
+0.613129,	+5.972039e-3,	+4.688272e-3,	+4.688272e-2,	+7.268250e-2
+0.625629,	+5.374835e-3,	+4.779126e-3,	+4.779126e-2,	+7.175776e-2
+0.638129,	+4.837351e-3,	+4.868823e-3,	+4.868823e-2,	+7.083828e-2
+0.650629,	+4.353616e-3,	+4.957371e-3,	+4.957371e-2,	+6.992472e-2
+0.663129,	+3.918255e-3,	+5.044777e-3,	+5.044777e-2,	+6.901768e-2
+0.675629,	+3.526429e-3,	+5.131049e-3,	+5.131049e-2,	+6.811766e-2
+0.688129,	+3.173786e-3,	+5.216196e-3,	+5.216196e-2,	+6.722512e-2
+0.700629,	+2.856408e-3,	+5.300227e-3,	+5.300227e-2,	+6.634045e-2
+0.713129,	+2.570767e-3,	+5.383153e-3,	+5.383153e-2,	+6.546397e-2
+0.725629,	+2.313690e-3,	+5.464983e-3,	+5.464983e-2,	+6.459598e-2
+0.738129,	+2.082321e-3,	+5.545728e-3,	+5.545728e-2,	+6.373671e-2
+0.750629,	+1.874089e-3,	+5.625399e-3,	+5.625399e-2,	+6.288636e-2
+0.763129,	+1.686680e-3,	+5.704006e-3,	+5.704006e-2,	+6.204509e-2
+0.775629,	+1.518012e-3,	+5.781563e-3,	+5.781563e-2,	+6.121306e-2
+0.788129,	+1.366211e-3,	+5.858079e-3,	+5.858079e-2,	+6.039035e-2
+0.800629,	+1.229590e-3,	+5.933567e-3,	+5.933567e-2,	+5.957706e-2
+0.813129,	+1.106631e-3,	+6.008038e-3,	+6.008038e-2,	+5.877325e-2
+0.825629,	+9.959678e-4,	+6.081505e-3,	+6.081505e-2,	+5.797895e-2
+0.838129,	+8.963710e-4,	+6.153979e-3,	+6.153979e-2,	+5.719419e-2
+0.850629,	+8.067339e-4,	+6.225471e-3,	+6.225471e-2,	+5.641897e-2
+0.863129,	+7.260605e-4,	+6.295995e-3,	+6.295995e-2,	+5.565330e-2
+0.875629,	+6.534544e-4,	+6.365562e-3,	+6.365562e-2,	+5.489714e-2
+0.888129,	+5.881090e-4,	+6.434183e-3,	+6.434183e-2,	+5.415047e-2
+0.900629,	+5.292981e-4,	+6.501871e-3,	+6.501871e-2,	+5.341325e-2
+0.913129,	+4.763683e-4,	+6.568638e-3,	+6.568638e-2,	+5.268544e-2
+0.925629,	+4.287315e-4,	+6.634495e-3,	+6.634495e-2,	+5.196697e-2
+0.938129,	+3.858583e-4,	+6.699453e-3,	+6.699453e-2,	+5.125778e-2
+0.950629,	+3.472725e-4,	+6.763526e-3,	+6.763526e-2,	+5.055781e-2
+0.963129,	+3.125452e-4,	+6.826723e-3,	+6.826723e-2,	+4.986698e-2
+0.975629,	+2.812907e-4,	+6.889057e-3,	+6.889057e-2,	+4.918522e-2
+0.988129,	+2.531616e-4,	+6.950538e-3,	+6.950538e-2,	+4.851244e-2
+1.000629,	+2.278455e-4,	+7.011179e-3,	+7.011179e-2,	+4.784855e-2
+1.013129,	+2.050609e-4,	+7.070989e-3,	+7.070989e-2,	+4.719349e-2
+1.025629,	+1.845548e-4,	+7.129981e-3,	+7.129981e-2,	+4.654714e-2
+1.038129,	+1.660994e-4,	+7.188165e-3,	+7.188165e-2,	+4.590942e-2
+1.050629,	+1.494894e-4,	+7.245552e-3,	+7.245552e-2,	+4.528024e-2
+1.063129,	+1.345405e-4,	+7.302152e-3,	+7.302152e-2,	+4.465951e-2
+1.075629,	+1.210864e-4,	+7.357977e-3,	+7.357977e-2,	+4.404712e-2
+1.088129,	+1.089778e-4,	+7.413035e-3,	+7.413035e-2,	+4.344299e-2
+1.100629,	+9.808001e-5,	+7.467339e-3,	+7.467339e-2,	+4.284701e-2
+1.113129,	+8.827201e-5,	+7.520898e-3,	+7.520898e-2,	+4.225909e-2
+1.125629,	+7.944481e-5,	+7.573722e-3,	+7.573722e-2,	+4.167913e-2
+1.138129,	+7.150032e-5,	+7.625821e-3,	+7.625821e-2,	+4.110703e-2
+1.150629,	+6.435029e-5,	+7.677205e-3,	+7.677205e-2,	+4.054271e-2
+1.163129,	+5.791526e-5,	+7.727883e-3,	+7.727883e-2,	+3.998605e-2
+1.175629,	+5.212374e-5,	+7.777865e-3,	+7.777865e-2,	+3.943696e-2
+1.188129,	+4.691136e-5,	+7.827162e-3,	+7.827162e-2,	+3.889536e-2
+1.200629,	+4.222023e-5,	+7.875781e-3,	+7.875781e-2,	+3.836113e-2
+1.213129,	+3.799820e-5,	+7.923732e-3,	+7.923732e-2,	+3.783420e-2
+1.225629,	+3.419838e-5,	+7.971025e-3,	+7.971025e-2,	+3.731445e-2
+1.238129,	+3.077855e-5,	+8.017668e-3,	+8.017668e-2,	+3.680180e-2
+1.250629,	+2.770069e-5,	+8.063670e-3,	+8.063670e-2,	+3.629616e-2
+1.263129,	+2.493062e-5,	+8.109041e-3,	+8.109041e-2,	+3.579744e-2
+1.275629,	+2.243756e-5,	+8.153787e-3,	+8.153787e-2,	+3.530553e-2
+1.288129,	+2.019380e-5,	+8.197919e-3,	+8.197919e-2,	+3.482036e-2
+1.300629,	+1.817442e-5,	+8.241445e-3,	+8.241445e-2,	+3.434184e-2
+1.313129,	+1.635698e-5,	+8.284372e-3,	+8.284372e-2,	+3.386986e-2
+1.325629,	+1.472128e-5,	+8.326709e-3,	+8.326709e-2,	+3.340436e-2
+1.338129,	+1.324915e-5,	+8.368465e-3,	+8.368465e-2,	+3.294523e-2
+1.350629,	+1.192424e-5,	+8.409646e-3,	+8.409646e-2,	+3.249240e-2
+1.363129,	+1.073182e-5,	+8.450262e-3,	+8.450262e-2,	+3.204578e-2
+1.375629,	+9.658634e-6,	+8.490319e-3,	+8.490319e-2,	+3.160528e-2
+1.388129,	+8.692770e-6,	+8.529826e-3,	+8.529826e-2,	+3.117083e-2
+1.400629,	+7.823493e-6,	+8.568789e-3,	+8.568789e-2,	+3.074234e-2
+1.413129,	+7.041144e-6,	+8.607217e-3,	+8.607217e-2,	+3.031973e-2
+1.425629,	+6.337030e-6,	+8.645117e-3,	+8.645117e-2,	+2.990292e-2
+1.438129,	+5.703327e-6,	+8.682495e-3,	+8.682495e-2,	+2.949184e-2
+1.450629,	+5.132994e-6,	+8.719360e-3,	+8.719360e-2,	+2.908640e-2
+1.463129,	+4.619695e-6,	+8.755718e-3,	+8.755718e-2,	+2.868652e-2
+1.475629,	+4.157725e-6,	+8.791576e-3,	+8.791576e-2,	+2.829214e-2
+1.488129,	+3.741953e-6,	+8.826942e-3,	+8.826942e-2,	+2.790318e-2
+1.500629,	+3.367757e-6,	+8.861821e-3,	+8.861821e-2,	+2.751955e-2
+1.513129,	+3.030982e-6,	+8.896220e-3,	+8.896220e-2,	+2.714120e-2
+1.525629,	+2.727883e-6,	+8.930146e-3,	+8.930146e-2,	+2.676805e-2
+1.538129,	+2.455095e-6,	+8.963607e-3,	+8.963607e-2,	+2.640002e-2
+1.550629,	+2.209586e-6,	+8.996607e-3,	+8.996607e-2,	+2.603705e-2
+1.563129,	+1.988627e-6,	+9.029153e-3,	+9.029153e-2,	+2.567907e-2
+1.575629,	+1.789764e-6,	+9.061252e-3,	+9.061252e-2,	+2.532601e-2
+1.588129,	+1.610788e-6,	+9.092909e-3,	+9.092909e-2,	+2.497780e-2
+1.600629,	+1.449709e-6,	+9.124131e-3,	+9.124131e-2,	+2.463437e-2
+1.613129,	+1.304738e-6,	+9.154924e-3,	+9.154924e-2,	+2.429567e-2
+1.625629,	+1.174264e-6,	+9.185294e-3,	+9.185294e-2,	+2.396162e-2
+1.638129,	+1.056838e-6,	+9.215246e-3,	+9.215246e-2,	+2.363216e-2
+1.650629,	+9.511541e-7,	+9.244786e-3,	+9.244786e-2,	+2.330723e-2
+1.663129,	+8.560387e-7,	+9.273920e-3,	+9.273920e-2,	+2.298677e-2
+1.675629,	+7.704349e-7,	+9.302654e-3,	+9.302654e-2,	+2.267071e-2
+1.688129,	+6.933914e-7,	+9.330992e-3,	+9.330992e-2,	+2.235900e-2
+1.700629,	+6.240522e-7,	+9.358941e-3,	+9.358941e-2,	+2.205157e-2
+1.713129,	+5.616470e-7,	+9.386505e-3,	+9.386505e-2,	+2.174837e-2
+1.725629,	+5.054823e-7,	+9.413691e-3,	+9.413691e-2,	+2.144934e-2
+1.738129,	+4.549341e-7,	+9.440502e-3,	+9.440502e-2,	+2.115442e-2
+1.750629,	+4.094407e-7,	+9.466945e-3,	+9.466945e-2,	+2.086355e-2
+1.763129,	+3.684966e-7,	+9.493025e-3,	+9.493025e-2,	+2.057668e-2
+1.775629,	+3.316469e-7,	+9.518746e-3,	+9.518746e-2,	+2.029375e-2
+1.788129,	+2.984822e-7,	+9.544113e-3,	+9.544113e-2,	+2.001472e-2
+1.800629,	+2.686340e-7,	+9.569131e-3,	+9.569131e-2,	+1.973952e-2
+1.813129,	+2.417706e-7,	+9.593806e-3,	+9.593806e-2,	+1.946811e-2
+1.825629,	+2.175936e-7,	+9.618141e-3,	+9.618141e-2,	+1.920042e-2
+1.838129,	+1.958342e-7,	+9.642141e-3,	+9.642141e-2,	+1.893642e-2
+1.850629,	+1.762508e-7,	+9.665812e-3,	+9.665812e-2,	+1.867605e-2
+1.863129,	+1.586257e-7,	+9.689157e-3,	+9.689157e-2,	+1.841925e-2
+1.875629,	+1.427631e-7,	+9.712181e-3,	+9.712181e-2,	+1.816599e-2
+1.888129,	+1.284868e-7,	+9.734889e-3,	+9.734889e-2,	+1.791621e-2
+1.900629,	+1.156381e-7,	+9.757284e-3,	+9.757284e-2,	+1.766986e-2
+1.913129,	+1.040743e-7,	+9.779371e-3,	+9.779371e-2,	+1.742690e-2
+1.925629,	+9.366689e-8,	+9.801155e-3,	+9.801155e-2,	+1.718729e-2
+1.938129,	+8.430020e-8,	+9.822639e-3,	+9.822639e-2,	+1.695096e-2
+1.950629,	+7.587018e-8,	+9.843828e-3,	+9.843828e-2,	+1.671789e-2
+1.963129,	+6.828316e-8,	+9.864725e-3,	+9.864725e-2,	+1.648802e-2
+1.975629,	+6.145485e-8,	+9.885335e-3,	+9.885335e-2,	+1.626131e-2
+1.988129,	+5.530936e-8,	+9.905662e-3,	+9.905662e-2,	+1.603772e-2
+2.000629,	+4.977843e-8,	+9.925709e-3,	+9.925709e-2,	+1.581720e-2
+2.013129,	+4.480058e-8,	+9.945480e-3,	+9.945480e-2,	+1.559971e-2
+2.025629,	+4.032053e-8,	+9.964980e-3,	+9.964980e-2,	+1.538522e-2
+2.038129,	+3.628847e-8,	+9.984211e-3,	+9.984211e-2,	+1.517367e-2
+2.050629,	+3.265963e-8,	+1.000318e-2,	+1.000318e-1,	+1.496503e-2
+2.063129,	+2.939366e-8,	+1.002188e-2,	+1.002188e-1,	+1.475926e-2
+2.075629,	+2.645430e-8,	+1.004033e-2,	+1.004033e-1,	+1.455632e-2
+2.088129,	+2.380887e-8,	+1.005853e-2,	+1.005853e-1,	+1.435617e-2
+2.100629,	+2.142798e-8,	+1.007647e-2,	+1.007647e-1,	+1.415878e-2
+2.113129,	+1.928518e-8,	+1.009417e-2,	+1.009417e-1,	+1.396409e-2
+2.125629,	+1.735666e-8,	+1.011163e-2,	+1.011163e-1,	+1.377209e-2
+2.138129,	+1.562100e-8,	+1.012884e-2,	+1.012884e-1,	+1.358272e-2
+2.150629,	+1.405890e-8,	+1.014582e-2,	+1.014582e-1,	+1.339596e-2
+2.163129,	+1.265301e-8,	+1.016257e-2,	+1.016257e-1,	+1.321177e-2
+2.175629,	+1.138771e-8,	+1.017908e-2,	+1.017908e-1,	+1.303010e-2
+2.188129,	+1.024894e-8,	+1.019537e-2,	+1.019537e-1,	+1.285094e-2
+2.200629,	+9.224043e-9,	+1.021143e-2,	+1.021143e-1,	+1.267424e-2
+2.213129,	+8.301639e-9,	+1.022728e-2,	+1.022728e-1,	+1.249997e-2
+2.225629,	+7.471475e-9,	+1.024290e-2,	+1.024290e-1,	+1.232810e-2
+2.238129,	+6.724327e-9,	+1.025831e-2,	+1.025831e-1,	+1.215858e-2
+2.250629,	+6.051895e-9,	+1.027351e-2,	+1.027351e-1,	+1.199140e-2
+2.263129,	+5.446705e-9,	+1.028850e-2,	+1.028850e-1,	+1.182652e-2
+2.275629,	+4.902035e-9,	+1.030328e-2,	+1.030328e-1,	+1.166391e-2
+2.288129,	+4.411831e-9,	+1.031786e-2,	+1.031786e-1,	+1.150353e-2
+2.300629,	+3.970648e-9,	+1.033224e-2,	+1.033224e-1,	+1.134536e-2
+2.313129,	+3.573583e-9,	+1.034642e-2,	+1.034642e-1,	+1.118936e-2
+2.325629,	+3.216225e-9,	+1.036041e-2,	+1.036041e-1,	+1.103550e-2
+2.338129,	+2.894602e-9,	+1.037420e-2,	+1.037420e-1,	+1.088376e-2
+2.350629,	+2.605142e-9,	+1.038781e-2,	+1.038781e-1,	+1.073411e-2
+2.363129,	+2.344628e-9,	+1.040123e-2,	+1.040123e-1,	+1.058652e-2
+2.375629,	+2.110165e-9,	+1.041446e-2,	+1.041446e-1,	+1.044095e-2
+2.388129,	+1.899149e-9,	+1.042751e-2,	+1.042751e-1,	+1.029739e-2
+2.400629,	+1.709234e-9,	+1.044038e-2,	+1.044038e-1,	+1.015580e-2
+2.413129,	+1.538310e-9,	+1.045308e-2,	+1.045308e-1,	+1.001616e-2
+2.425629,	+1.384479e-9,	+1.046560e-2,	+1.046560e-1,	+9.878438e-3
+2.438129,	+1.246031e-9,	+1.047794e-2,	+1.047794e-1,	+9.742609e-3
+2.450629,	+1.121428e-9,	+1.049012e-2,	+1.049012e-1,	+9.608649e-3
+2.463129,	+1.009285e-9,	+1.050213e-2,	+1.050213e-1,	+9.476530e-3
+2.475629,	+9.083569e-10,	+1.051398e-2,	+1.051398e-1,	+9.346227e-3
+2.488129,	+8.175212e-10,	+1.052566e-2,	+1.052566e-1,	+9.217717e-3
+2.500629,	+7.357691e-10,	+1.053718e-2,	+1.053718e-1,	+9.090973e-3
+2.513129,	+6.621922e-10,	+1.054855e-2,	+1.054855e-1,	+8.965972e-3
+2.525629,	+5.959730e-10,	+1.055976e-2,	+1.055976e-1,	+8.842690e-3
+2.538129,	+5.363757e-10,	+1.057081e-2,	+1.057081e-1,	+8.721103e-3
+2.550629,	+4.827381e-10,	+1.058171e-2,	+1.058171e-1,	+8.601188e-3
+2.563129,	+4.344643e-10,	+1.059246e-2,	+1.059246e-1,	+8.482922e-3
+2.575629,	+3.910179e-10,	+1.060307e-2,	+1.060307e-1,	+8.366282e-3
+2.588129,	+3.519161e-10,	+1.061352e-2,	+1.061352e-1,	+8.251245e-3
+2.600629,	+3.167245e-10,	+1.062384e-2,	+1.062384e-1,	+8.137791e-3
+2.613129,	+2.850520e-10,	+1.063401e-2,	+1.063401e-1,	+8.025896e-3
+2.625629,	+2.565468e-10,	+1.064404e-2,	+1.064404e-1,	+7.915540e-3
+2.638129,	+2.308921e-10,	+1.065394e-2,	+1.065394e-1,	+7.806701e-3
+2.650629,	+2.078029e-10,	+1.066369e-2,	+1.066369e-1,	+7.699359e-3
+2.663129,	+1.870226e-10,	+1.067332e-2,	+1.067332e-1,	+7.593493e-3
+2.675629,	+1.683204e-10,	+1.068281e-2,	+1.068281e-1,	+7.489082e-3
+2.688129,	+1.514883e-10,	+1.069217e-2,	+1.069217e-1,	+7.386107e-3
+2.700629,	+1.363395e-10,	+1.070140e-2,	+1.070140e-1,	+7.284548e-3
+2.713129,	+1.227055e-10,	+1.071051e-2,	+1.071051e-1,	+7.184386e-3
+2.725629,	+1.104350e-10,	+1.071949e-2,	+1.071949e-1,	+7.085601e-3
+2.738129,	+9.939149e-11,	+1.072835e-2,	+1.072835e-1,	+6.988174e-3
+2.750629,	+8.945235e-11,	+1.073708e-2,	+1.073708e-1,	+6.892086e-3
+2.763129,	+8.050711e-11,	+1.074570e-2,	+1.074570e-1,	+6.797320e-3
+2.775629,	+7.245640e-11,	+1.075419e-2,	+1.075419e-1,	+6.703857e-3
+2.788129,	+6.521076e-11,	+1.076257e-2,	+1.076257e-1,	+6.611679e-3
+2.800629,	+5.868968e-11,	+1.077084e-2,	+1.077084e-1,	+6.520768e-3
+2.813129,	+5.282072e-11,	+1.077899e-2,	+1.077899e-1,	+6.431108e-3
+2.825629,	+4.753864e-11,	+1.078703e-2,	+1.078703e-1,	+6.342680e-3
+2.838129,	+4.278478e-11,	+1.079496e-2,	+1.079496e-1,	+6.255468e-3
+2.850629,	+3.850630e-11,	+1.080278e-2,	+1.080278e-1,	+6.169455e-3
+2.863129,	+3.465567e-11,	+1.081049e-2,	+1.081049e-1,	+6.084625e-3
+2.875629,	+3.119010e-11,	+1.081809e-2,	+1.081809e-1,	+6.000962e-3
+2.888129,	+2.807109e-11,	+1.082560e-2,	+1.082560e-1,	+5.918449e-3
+2.900629,	+2.526398e-11,	+1.083299e-2,	+1.083299e-1,	+5.837070e-3
+2.913129,	+2.273759e-11,	+1.084029e-2,	+1.084029e-1,	+5.756810e-3
+2.925629,	+2.046383e-11,	+1.084749e-2,	+1.084749e-1,	+5.677654e-3
+2.938129,	+1.841744e-11,	+1.085458e-2,	+1.085458e-1,	+5.599586e-3
+2.950629,	+1.657570e-11,	+1.086158e-2,	+1.086158e-1,	+5.522592e-3
+2.963129,	+1.491813e-11,	+1.086849e-2,	+1.086849e-1,	+5.446656e-3
+2.975629,	+1.342632e-11,	+1.087529e-2,	+1.087529e-1,	+5.371765e-3
+2.988129,	+1.208369e-11,	+1.088201e-2,	+1.088201e-1,	+5.297903e-3
+3.000000,	+1.093617e-11,	+1.088830e-2,	+1.088830e-1,	+5.228725e-3
+3.000000,	+1.093617e-11,	+1.088830e-2,	+1.088830e-1,	+5.228725e-3
